ASV,truth,is_contaminant
ASV_1,Expected mock,FALSE
ASV_2,Expected mock,FALSE
ASV_3,Expected mock,FALSE
ASV_4,Expected mock,FALSE
ASV_5,Expected mock,FALSE
ASV_6,Expected mock,FALSE
ASV_7,Expected mock,FALSE
ASV_8,Expected mock,FALSE
ASV_9,Contaminant,TRUE
ASV_10,Expected mock,FALSE
ASV_11,Contaminant,TRUE
ASV_12,Contaminant,TRUE
ASV_13,Contaminant,TRUE
ASV_14,Contaminant,TRUE
ASV_15,Contaminant,TRUE
ASV_16,Contaminant,TRUE
ASV_17,Contaminant,TRUE
ASV_18,Contaminant,TRUE
ASV_19,Contaminant,TRUE
ASV_20,Contaminant,TRUE
ASV_21,Contaminant,TRUE
ASV_22,Contaminant,TRUE
ASV_23,Contaminant,TRUE
ASV_24,Contaminant,TRUE
ASV_25,Contaminant,TRUE
ASV_26,Contaminant,TRUE
ASV_27,Contaminant,TRUE
ASV_28,Contaminant,TRUE
ASV_29,Contaminant,TRUE
ASV_30,Contaminant,TRUE
ASV_31,Contaminant,TRUE
ASV_32,Contaminant,TRUE
ASV_33,Contaminant,TRUE
ASV_34,Contaminant,TRUE
ASV_35,Contaminant,TRUE
ASV_36,Contaminant,TRUE
ASV_37,Contaminant,TRUE
ASV_38,Contaminant,TRUE
ASV_39,Contaminant,TRUE
ASV_40,Contaminant,TRUE
ASV_41,Contaminant,TRUE
ASV_42,Contaminant,TRUE
ASV_43,Contaminant,TRUE
ASV_44,Contaminant,TRUE
ASV_45,Contaminant,TRUE
ASV_46,Contaminant,TRUE
ASV_47,Contaminant,TRUE
ASV_48,Contaminant,TRUE
ASV_49,Contaminant,TRUE
ASV_50,Contaminant,TRUE
ASV_51,Contaminant,TRUE
ASV_52,Contaminant,TRUE
ASV_53,Contaminant,TRUE
ASV_54,Contaminant,TRUE
ASV_55,Contaminant,TRUE
ASV_56,Contaminant,TRUE
ASV_57,Contaminant,TRUE
ASV_58,Contaminant,TRUE
ASV_59,Contaminant,TRUE
ASV_60,Contaminant,TRUE
ASV_61,Contaminant,TRUE
ASV_62,Contaminant,TRUE
ASV_63,Contaminant,TRUE
ASV_64,Contaminant,TRUE
ASV_65,Contaminant,TRUE
ASV_66,Contaminant,TRUE
ASV_67,Contaminant,TRUE
ASV_68,Contaminant,TRUE
ASV_69,Contaminant,TRUE
ASV_70,Contaminant,TRUE
ASV_71,Contaminant,TRUE
ASV_72,Contaminant,TRUE
ASV_73,Contaminant,TRUE
ASV_74,Contaminant,TRUE
ASV_75,Contaminant,TRUE
ASV_76,Contaminant,TRUE
ASV_77,Contaminant,TRUE
ASV_78,Contaminant,TRUE
ASV_79,Contaminant,TRUE
ASV_80,Contaminant,TRUE
ASV_81,Contaminant,TRUE
ASV_82,Contaminant,TRUE
ASV_83,Contaminant,TRUE
ASV_84,Contaminant,TRUE
ASV_85,Contaminant,TRUE
ASV_86,Contaminant,TRUE
ASV_87,Contaminant,TRUE
ASV_88,Contaminant,TRUE
ASV_89,Contaminant,TRUE
ASV_90,Contaminant,TRUE
ASV_91,Contaminant,TRUE
ASV_92,Contaminant,TRUE
ASV_93,Contaminant,TRUE
ASV_94,Contaminant,TRUE
ASV_95,Contaminant,TRUE
ASV_96,Contaminant,TRUE
ASV_97,Contaminant,TRUE
ASV_98,Contaminant,TRUE
ASV_99,Contaminant,TRUE
ASV_100,Contaminant,TRUE
ASV_101,Contaminant,TRUE
ASV_102,Contaminant,TRUE
ASV_103,Contaminant,TRUE
ASV_104,Contaminant,TRUE
ASV_105,Contaminant,TRUE
ASV_106,Contaminant,TRUE
ASV_107,Contaminant,TRUE
ASV_108,Contaminant,TRUE
ASV_109,Contaminant,TRUE
ASV_110,Contaminant,TRUE
ASV_111,Contaminant,TRUE
ASV_112,Contaminant,TRUE
ASV_113,Contaminant,TRUE
ASV_114,Contaminant,TRUE
ASV_115,Contaminant,TRUE
ASV_116,Contaminant,TRUE
ASV_117,Contaminant,TRUE
ASV_118,Contaminant,TRUE
ASV_119,Contaminant,TRUE
ASV_120,Contaminant,TRUE
ASV_121,Contaminant,TRUE
ASV_122,Contaminant,TRUE
ASV_123,Contaminant,TRUE
ASV_124,Contaminant,TRUE
ASV_125,Contaminant,TRUE
ASV_126,Contaminant,TRUE
ASV_127,Contaminant,TRUE
ASV_128,Contaminant,TRUE
ASV_129,Contaminant,TRUE
ASV_130,Contaminant,TRUE
ASV_131,Contaminant,TRUE
ASV_132,Contaminant,TRUE
ASV_133,Contaminant,TRUE
ASV_134,Contaminant,TRUE
ASV_135,Contaminant,TRUE
ASV_136,Contaminant,TRUE
ASV_137,Contaminant,TRUE
ASV_138,Contaminant,TRUE
ASV_139,Contaminant,TRUE
ASV_140,Contaminant,TRUE
ASV_141,Contaminant,TRUE
ASV_142,Contaminant,TRUE
ASV_143,Contaminant,TRUE
ASV_144,Contaminant,TRUE
ASV_145,Contaminant,TRUE
ASV_146,Contaminant,TRUE
ASV_147,Contaminant,TRUE
ASV_148,Contaminant,TRUE
ASV_149,Contaminant,TRUE
ASV_150,Contaminant,TRUE
ASV_151,Contaminant,TRUE
ASV_152,Contaminant,TRUE
ASV_153,Contaminant,TRUE
ASV_154,Contaminant,TRUE
ASV_155,Contaminant,TRUE
ASV_156,Contaminant,TRUE
ASV_157,Contaminant,TRUE
ASV_158,Contaminant,TRUE
ASV_159,Contaminant,TRUE
ASV_160,Contaminant,TRUE
ASV_161,Contaminant,TRUE
ASV_162,Contaminant,TRUE
ASV_163,Contaminant,TRUE
ASV_164,Contaminant,TRUE
ASV_165,Contaminant,TRUE
ASV_166,Contaminant,TRUE
ASV_167,Contaminant,TRUE
ASV_168,Contaminant,TRUE
ASV_169,Contaminant,TRUE
ASV_170,Contaminant,TRUE
ASV_171,Contaminant,TRUE
ASV_172,Contaminant,TRUE
ASV_173,Contaminant,TRUE
ASV_174,Contaminant,TRUE
ASV_175,Contaminant,TRUE
ASV_176,Contaminant,TRUE
ASV_177,Contaminant,TRUE
ASV_178,Contaminant,TRUE
ASV_179,Contaminant,TRUE
ASV_180,Contaminant,TRUE
ASV_181,Contaminant,TRUE
ASV_182,Contaminant,TRUE
ASV_183,Contaminant,TRUE
ASV_184,Contaminant,TRUE
ASV_185,Contaminant,TRUE
ASV_186,Contaminant,TRUE
ASV_187,Contaminant,TRUE
ASV_188,Contaminant,TRUE
ASV_189,Contaminant,TRUE
ASV_190,Contaminant,TRUE
ASV_191,Contaminant,TRUE
ASV_192,Contaminant,TRUE
ASV_193,Contaminant,TRUE
ASV_194,Contaminant,TRUE
ASV_195,Contaminant,TRUE
ASV_196,Contaminant,TRUE
ASV_197,Contaminant,TRUE
ASV_198,Contaminant,TRUE
ASV_199,Contaminant,TRUE
ASV_200,Contaminant,TRUE
ASV_201,Contaminant,TRUE
ASV_202,Contaminant,TRUE
ASV_203,Contaminant,TRUE
ASV_204,Contaminant,TRUE
ASV_205,Contaminant,TRUE
ASV_206,Contaminant,TRUE
ASV_207,Contaminant,TRUE
ASV_208,Contaminant,TRUE
ASV_209,Contaminant,TRUE
ASV_210,Contaminant,TRUE
ASV_211,Contaminant,TRUE
ASV_212,Contaminant,TRUE
ASV_213,Contaminant,TRUE
ASV_214,Contaminant,TRUE
ASV_215,Contaminant,TRUE
ASV_216,Contaminant,TRUE
ASV_217,Contaminant,TRUE
ASV_218,Contaminant,TRUE
ASV_219,Contaminant,TRUE
ASV_220,Contaminant,TRUE
ASV_221,Contaminant,TRUE
ASV_222,Contaminant,TRUE
ASV_223,Contaminant,TRUE
ASV_224,Contaminant,TRUE
ASV_225,Contaminant,TRUE
ASV_226,Contaminant,TRUE
ASV_227,Contaminant,TRUE
ASV_228,Contaminant,TRUE
ASV_229,Contaminant,TRUE
ASV_230,Contaminant,TRUE
ASV_231,Contaminant,TRUE
ASV_232,Contaminant,TRUE
ASV_233,Contaminant,TRUE
ASV_234,Contaminant,TRUE
ASV_235,Contaminant,TRUE
ASV_236,Contaminant,TRUE
ASV_237,Contaminant,TRUE
ASV_238,Contaminant,TRUE
ASV_239,Contaminant,TRUE
ASV_240,Contaminant,TRUE
ASV_241,Contaminant,TRUE
ASV_242,Contaminant,TRUE
ASV_243,Contaminant,TRUE
ASV_244,Contaminant,TRUE
ASV_245,Contaminant,TRUE
ASV_246,Contaminant,TRUE
ASV_247,Contaminant,TRUE
ASV_248,Contaminant,TRUE
ASV_249,Contaminant,TRUE
ASV_250,Contaminant,TRUE
ASV_251,Contaminant,TRUE
ASV_252,Contaminant,TRUE
ASV_253,Contaminant,TRUE
ASV_254,Contaminant,TRUE
ASV_255,Contaminant,TRUE
ASV_256,Contaminant,TRUE
ASV_257,Contaminant,TRUE
ASV_258,Contaminant,TRUE
ASV_259,Contaminant,TRUE
ASV_260,Contaminant,TRUE
ASV_261,Contaminant,TRUE
ASV_262,Contaminant,TRUE
ASV_263,Contaminant,TRUE
ASV_264,Contaminant,TRUE
ASV_265,Contaminant,TRUE
ASV_266,Contaminant,TRUE
ASV_267,Contaminant,TRUE
ASV_268,Contaminant,TRUE
ASV_269,Contaminant,TRUE
ASV_270,Contaminant,TRUE
ASV_271,Contaminant,TRUE
ASV_272,Contaminant,TRUE
ASV_273,Contaminant,TRUE
ASV_274,Contaminant,TRUE
ASV_275,Contaminant,TRUE
ASV_276,Contaminant,TRUE
ASV_277,Contaminant,TRUE
ASV_278,Contaminant,TRUE
ASV_279,Contaminant,TRUE
ASV_280,Contaminant,TRUE
ASV_281,Contaminant,TRUE
ASV_282,Contaminant,TRUE
ASV_283,Contaminant,TRUE
ASV_284,Contaminant,TRUE
ASV_285,Contaminant,TRUE
ASV_286,Contaminant,TRUE
ASV_287,Contaminant,TRUE
ASV_288,Contaminant,TRUE
ASV_289,Contaminant,TRUE
ASV_290,Contaminant,TRUE
ASV_291,Contaminant,TRUE
ASV_292,Contaminant,TRUE
ASV_293,Contaminant,TRUE
ASV_294,Contaminant,TRUE
ASV_295,Contaminant,TRUE
ASV_296,Contaminant,TRUE
ASV_297,Contaminant,TRUE
ASV_298,Contaminant,TRUE
ASV_299,Contaminant,TRUE
ASV_300,Contaminant,TRUE
ASV_301,Contaminant,TRUE
ASV_302,Contaminant,TRUE
ASV_303,Contaminant,TRUE
ASV_304,Contaminant,TRUE
ASV_305,Contaminant,TRUE
ASV_306,Contaminant,TRUE
ASV_307,Contaminant,TRUE
ASV_308,Contaminant,TRUE
ASV_309,Contaminant,TRUE
ASV_310,Contaminant,TRUE
ASV_311,Contaminant,TRUE
ASV_312,Contaminant,TRUE
ASV_313,Contaminant,TRUE
ASV_314,Contaminant,TRUE
ASV_315,Contaminant,TRUE
ASV_316,Contaminant,TRUE
ASV_317,Contaminant,TRUE
ASV_318,Contaminant,TRUE
ASV_319,Contaminant,TRUE
ASV_320,Contaminant,TRUE
ASV_321,Contaminant,TRUE
ASV_322,Contaminant,TRUE
ASV_323,Contaminant,TRUE
ASV_324,Contaminant,TRUE
ASV_325,Contaminant,TRUE
ASV_326,Contaminant,TRUE
ASV_327,Contaminant,TRUE
ASV_328,Contaminant,TRUE
ASV_329,Contaminant,TRUE
ASV_330,Contaminant,TRUE
ASV_331,Contaminant,TRUE
ASV_332,Contaminant,TRUE
ASV_333,Contaminant,TRUE
ASV_334,Contaminant,TRUE
ASV_335,Contaminant,TRUE
ASV_336,Contaminant,TRUE
ASV_337,Contaminant,TRUE
ASV_338,Contaminant,TRUE
ASV_339,Contaminant,TRUE
ASV_340,Contaminant,TRUE
ASV_341,Contaminant,TRUE
ASV_342,Contaminant,TRUE
ASV_343,Contaminant,TRUE
ASV_344,Contaminant,TRUE
ASV_345,Contaminant,TRUE
ASV_346,Contaminant,TRUE
ASV_347,Contaminant,TRUE
ASV_348,Contaminant,TRUE
ASV_349,Contaminant,TRUE
ASV_350,Contaminant,TRUE
ASV_351,Contaminant,TRUE
ASV_352,Contaminant,TRUE
ASV_353,Contaminant,TRUE
ASV_354,Contaminant,TRUE
ASV_355,Contaminant,TRUE
ASV_356,Contaminant,TRUE
ASV_357,Contaminant,TRUE
ASV_358,Contaminant,TRUE
ASV_359,Contaminant,TRUE
ASV_360,Contaminant,TRUE
ASV_361,Contaminant,TRUE
ASV_362,Contaminant,TRUE
ASV_363,Contaminant,TRUE
ASV_364,Contaminant,TRUE
ASV_365,Contaminant,TRUE
ASV_366,Contaminant,TRUE
ASV_367,Contaminant,TRUE
ASV_368,Contaminant,TRUE
ASV_369,Contaminant,TRUE
ASV_370,Contaminant,TRUE
ASV_371,Contaminant,TRUE
ASV_372,Contaminant,TRUE
ASV_373,Contaminant,TRUE
ASV_374,Contaminant,TRUE
ASV_375,Contaminant,TRUE
ASV_376,Contaminant,TRUE
ASV_377,Contaminant,TRUE
ASV_378,Contaminant,TRUE
ASV_379,Contaminant,TRUE
ASV_380,Contaminant,TRUE
ASV_381,Contaminant,TRUE
ASV_382,Contaminant,TRUE
ASV_383,Contaminant,TRUE
ASV_384,Contaminant,TRUE
ASV_385,Contaminant,TRUE
ASV_386,Contaminant,TRUE
ASV_387,Contaminant,TRUE
ASV_388,Contaminant,TRUE
ASV_389,Contaminant,TRUE
ASV_390,Contaminant,TRUE
ASV_391,Contaminant,TRUE
ASV_392,Contaminant,TRUE
ASV_393,Contaminant,TRUE
ASV_394,Contaminant,TRUE
ASV_395,Contaminant,TRUE
ASV_396,Contaminant,TRUE
ASV_397,Contaminant,TRUE
ASV_398,Contaminant,TRUE
ASV_399,Contaminant,TRUE
ASV_400,Contaminant,TRUE
ASV_401,Contaminant,TRUE
ASV_402,Contaminant,TRUE
ASV_403,Contaminant,TRUE
ASV_404,Contaminant,TRUE
ASV_405,Contaminant,TRUE
ASV_406,Contaminant,TRUE
ASV_407,Contaminant,TRUE
ASV_408,Contaminant,TRUE
ASV_409,Contaminant,TRUE
ASV_410,Contaminant,TRUE
ASV_411,Contaminant,TRUE
ASV_412,Contaminant,TRUE
ASV_413,Contaminant,TRUE
ASV_414,Contaminant,TRUE
ASV_415,Contaminant,TRUE
ASV_416,Contaminant,TRUE
ASV_417,Contaminant,TRUE
ASV_418,Contaminant,TRUE
ASV_419,Contaminant,TRUE
ASV_420,Contaminant,TRUE
ASV_421,Contaminant,TRUE
ASV_422,Contaminant,TRUE
ASV_423,Contaminant,TRUE
ASV_424,Contaminant,TRUE
ASV_425,Contaminant,TRUE
ASV_426,Contaminant,TRUE
ASV_427,Contaminant,TRUE
ASV_428,Contaminant,TRUE
ASV_429,Contaminant,TRUE
ASV_430,Contaminant,TRUE
ASV_431,Contaminant,TRUE
ASV_432,Contaminant,TRUE
ASV_433,Contaminant,TRUE
ASV_434,Contaminant,TRUE
ASV_435,Contaminant,TRUE
ASV_436,Contaminant,TRUE
ASV_437,Contaminant,TRUE
ASV_438,Contaminant,TRUE
ASV_439,Contaminant,TRUE
ASV_440,Contaminant,TRUE
ASV_441,Contaminant,TRUE
ASV_442,Contaminant,TRUE
ASV_443,Contaminant,TRUE
ASV_444,Contaminant,TRUE
ASV_445,Contaminant,TRUE
ASV_446,Contaminant,TRUE
ASV_447,Contaminant,TRUE
ASV_448,Contaminant,TRUE
ASV_449,Contaminant,TRUE
ASV_450,Contaminant,TRUE
ASV_451,Contaminant,TRUE
ASV_452,Contaminant,TRUE
ASV_453,Contaminant,TRUE
ASV_454,Contaminant,TRUE
ASV_455,Contaminant,TRUE
ASV_456,Contaminant,TRUE
ASV_457,Contaminant,TRUE
ASV_458,Contaminant,TRUE
ASV_459,Contaminant,TRUE
ASV_460,Contaminant,TRUE
ASV_461,Contaminant,TRUE
ASV_462,Contaminant,TRUE
ASV_463,Contaminant,TRUE
ASV_464,Contaminant,TRUE
ASV_465,Contaminant,TRUE
ASV_466,Contaminant,TRUE
ASV_467,Contaminant,TRUE
ASV_468,Contaminant,TRUE
ASV_469,Contaminant,TRUE
ASV_470,Contaminant,TRUE
ASV_471,Contaminant,TRUE
ASV_472,Contaminant,TRUE
ASV_473,Contaminant,TRUE
ASV_474,Contaminant,TRUE
ASV_475,Contaminant,TRUE
ASV_476,Contaminant,TRUE
ASV_477,Contaminant,TRUE
ASV_478,Contaminant,TRUE
ASV_479,Contaminant,TRUE
ASV_480,Contaminant,TRUE
ASV_481,Contaminant,TRUE
ASV_482,Contaminant,TRUE
ASV_483,Contaminant,TRUE
ASV_484,Contaminant,TRUE
ASV_485,Contaminant,TRUE
ASV_486,Contaminant,TRUE
ASV_487,Contaminant,TRUE
ASV_488,Contaminant,TRUE
ASV_489,Contaminant,TRUE
ASV_490,Contaminant,TRUE
ASV_491,Contaminant,TRUE
ASV_492,Contaminant,TRUE
ASV_493,Contaminant,TRUE
ASV_494,Contaminant,TRUE
ASV_495,Contaminant,TRUE
ASV_496,Contaminant,TRUE
ASV_497,Contaminant,TRUE
ASV_498,Contaminant,TRUE
ASV_499,Contaminant,TRUE
ASV_500,Contaminant,TRUE
ASV_501,Contaminant,TRUE
ASV_502,Contaminant,TRUE
ASV_503,Contaminant,TRUE
ASV_504,Contaminant,TRUE
ASV_505,Contaminant,TRUE
ASV_506,Contaminant,TRUE
ASV_507,Contaminant,TRUE
ASV_508,Contaminant,TRUE
ASV_509,Contaminant,TRUE
ASV_510,Contaminant,TRUE
ASV_511,Contaminant,TRUE
ASV_512,Contaminant,TRUE
ASV_513,Contaminant,TRUE
ASV_514,Contaminant,TRUE
ASV_515,Contaminant,TRUE
ASV_516,Contaminant,TRUE
ASV_517,Contaminant,TRUE
ASV_518,Contaminant,TRUE
ASV_519,Contaminant,TRUE
ASV_520,Contaminant,TRUE
ASV_521,Contaminant,TRUE
ASV_522,Contaminant,TRUE
ASV_523,Contaminant,TRUE
ASV_524,Contaminant,TRUE
ASV_525,Contaminant,TRUE
ASV_526,Contaminant,TRUE
ASV_527,Contaminant,TRUE
ASV_528,Contaminant,TRUE
ASV_529,Contaminant,TRUE
ASV_530,Contaminant,TRUE
ASV_531,Contaminant,TRUE
ASV_532,Contaminant,TRUE
ASV_533,Contaminant,TRUE
ASV_534,Contaminant,TRUE
ASV_535,Contaminant,TRUE
ASV_536,Contaminant,TRUE
ASV_537,Contaminant,TRUE
ASV_538,Contaminant,TRUE
ASV_539,Contaminant,TRUE
ASV_540,Contaminant,TRUE
ASV_541,Contaminant,TRUE
ASV_542,Contaminant,TRUE
ASV_543,Contaminant,TRUE
ASV_544,Contaminant,TRUE
ASV_545,Contaminant,TRUE
ASV_546,Contaminant,TRUE
ASV_547,Contaminant,TRUE
ASV_548,Contaminant,TRUE
ASV_549,Contaminant,TRUE
ASV_550,Contaminant,TRUE
ASV_551,Contaminant,TRUE
ASV_552,Contaminant,TRUE
ASV_553,Contaminant,TRUE
ASV_554,Contaminant,TRUE
ASV_555,Contaminant,TRUE
ASV_556,Contaminant,TRUE
ASV_557,Contaminant,TRUE
ASV_558,Contaminant,TRUE
ASV_559,Contaminant,TRUE
ASV_560,Contaminant,TRUE
ASV_561,Contaminant,TRUE
ASV_562,Contaminant,TRUE
ASV_563,Contaminant,TRUE
ASV_564,Contaminant,TRUE
ASV_565,Contaminant,TRUE
ASV_566,Contaminant,TRUE
ASV_567,Contaminant,TRUE
ASV_568,Contaminant,TRUE
ASV_569,Contaminant,TRUE
ASV_570,Contaminant,TRUE
ASV_571,Contaminant,TRUE
ASV_572,Contaminant,TRUE
ASV_573,Contaminant,TRUE
ASV_574,Contaminant,TRUE
ASV_575,Contaminant,TRUE
ASV_576,Contaminant,TRUE
ASV_577,Contaminant,TRUE
ASV_578,Contaminant,TRUE
ASV_579,Contaminant,TRUE
ASV_580,Contaminant,TRUE
ASV_581,Contaminant,TRUE
ASV_582,Contaminant,TRUE
ASV_583,Contaminant,TRUE
ASV_584,Contaminant,TRUE
ASV_585,Contaminant,TRUE
ASV_586,Contaminant,TRUE
ASV_587,Contaminant,TRUE
ASV_588,Contaminant,TRUE
ASV_589,Contaminant,TRUE
ASV_590,Contaminant,TRUE
ASV_591,Contaminant,TRUE
ASV_592,Contaminant,TRUE
ASV_593,Contaminant,TRUE
ASV_594,Contaminant,TRUE
ASV_595,Contaminant,TRUE
ASV_596,Contaminant,TRUE
ASV_597,Contaminant,TRUE
ASV_598,Contaminant,TRUE
ASV_599,Contaminant,TRUE
ASV_600,Contaminant,TRUE
ASV_601,Contaminant,TRUE
ASV_602,Contaminant,TRUE
ASV_603,Contaminant,TRUE
ASV_604,Contaminant,TRUE
ASV_605,Contaminant,TRUE
ASV_606,Contaminant,TRUE
ASV_607,Contaminant,TRUE
ASV_608,Contaminant,TRUE
ASV_609,Contaminant,TRUE
ASV_610,Contaminant,TRUE
ASV_611,Contaminant,TRUE
ASV_612,Contaminant,TRUE
ASV_613,Contaminant,TRUE
ASV_614,Contaminant,TRUE
ASV_615,Contaminant,TRUE
ASV_616,Contaminant,TRUE
ASV_617,Contaminant,TRUE
ASV_618,Contaminant,TRUE
ASV_619,Contaminant,TRUE
ASV_620,Contaminant,TRUE
ASV_621,Contaminant,TRUE
ASV_622,Contaminant,TRUE
ASV_623,Contaminant,TRUE
ASV_624,Contaminant,TRUE
ASV_625,Contaminant,TRUE
ASV_626,Contaminant,TRUE
ASV_627,Contaminant,TRUE
ASV_628,Contaminant,TRUE
ASV_629,Contaminant,TRUE
ASV_630,Contaminant,TRUE
ASV_631,Contaminant,TRUE
ASV_632,Contaminant,TRUE
ASV_633,Contaminant,TRUE
ASV_634,Contaminant,TRUE
ASV_635,Contaminant,TRUE
ASV_636,Contaminant,TRUE
ASV_637,Contaminant,TRUE
ASV_638,Contaminant,TRUE
ASV_639,Contaminant,TRUE
ASV_640,Contaminant,TRUE
ASV_641,Contaminant,TRUE
ASV_642,Contaminant,TRUE
ASV_643,Contaminant,TRUE
ASV_644,Contaminant,TRUE
ASV_645,Contaminant,TRUE
ASV_646,Contaminant,TRUE
ASV_647,Contaminant,TRUE
ASV_648,Contaminant,TRUE
ASV_649,Contaminant,TRUE
ASV_650,Contaminant,TRUE
ASV_651,Contaminant,TRUE
ASV_652,Contaminant,TRUE
ASV_653,Contaminant,TRUE
ASV_654,Contaminant,TRUE
ASV_655,Contaminant,TRUE
ASV_656,Contaminant,TRUE
ASV_657,Contaminant,TRUE
ASV_658,Contaminant,TRUE
ASV_659,Contaminant,TRUE
ASV_660,Contaminant,TRUE
ASV_661,Contaminant,TRUE
ASV_662,Contaminant,TRUE
ASV_663,Contaminant,TRUE
ASV_664,Contaminant,TRUE
ASV_665,Contaminant,TRUE
ASV_666,Contaminant,TRUE
ASV_667,Contaminant,TRUE
ASV_668,Contaminant,TRUE
ASV_669,Contaminant,TRUE
ASV_670,Contaminant,TRUE
ASV_671,Contaminant,TRUE
ASV_672,Contaminant,TRUE
ASV_673,Contaminant,TRUE
ASV_674,Contaminant,TRUE
ASV_675,Contaminant,TRUE
ASV_676,Contaminant,TRUE
ASV_677,Contaminant,TRUE
ASV_678,Contaminant,TRUE
ASV_679,Contaminant,TRUE
ASV_680,Contaminant,TRUE
ASV_681,Contaminant,TRUE
ASV_682,Contaminant,TRUE
ASV_683,Contaminant,TRUE
ASV_684,Contaminant,TRUE
ASV_685,Contaminant,TRUE
ASV_686,Contaminant,TRUE
ASV_687,Contaminant,TRUE
ASV_688,Contaminant,TRUE
ASV_689,Contaminant,TRUE
ASV_690,Contaminant,TRUE
ASV_691,Contaminant,TRUE
ASV_692,Contaminant,TRUE
ASV_693,Contaminant,TRUE
ASV_694,Contaminant,TRUE
ASV_695,Contaminant,TRUE
ASV_696,Contaminant,TRUE
ASV_697,Contaminant,TRUE
ASV_698,Contaminant,TRUE
ASV_699,Contaminant,TRUE
ASV_700,Contaminant,TRUE
ASV_701,Contaminant,TRUE
ASV_702,Contaminant,TRUE
ASV_703,Contaminant,TRUE
ASV_704,Contaminant,TRUE
ASV_705,Contaminant,TRUE
ASV_706,Contaminant,TRUE
ASV_707,Contaminant,TRUE
ASV_708,Contaminant,TRUE
ASV_709,Contaminant,TRUE
ASV_710,Contaminant,TRUE
ASV_711,Contaminant,TRUE
ASV_712,Contaminant,TRUE
ASV_713,Contaminant,TRUE
ASV_714,Contaminant,TRUE
ASV_715,Contaminant,TRUE
ASV_716,Contaminant,TRUE
ASV_717,Contaminant,TRUE
ASV_718,Contaminant,TRUE
ASV_719,Contaminant,TRUE
ASV_720,Contaminant,TRUE
ASV_721,Contaminant,TRUE
ASV_722,Contaminant,TRUE
ASV_723,Contaminant,TRUE
ASV_724,Contaminant,TRUE
ASV_725,Contaminant,TRUE
ASV_726,Contaminant,TRUE
ASV_727,Contaminant,TRUE
ASV_728,Contaminant,TRUE
ASV_729,Contaminant,TRUE
ASV_730,Contaminant,TRUE
ASV_731,Contaminant,TRUE
ASV_732,Contaminant,TRUE
ASV_733,Contaminant,TRUE
ASV_734,Contaminant,TRUE
ASV_735,Contaminant,TRUE
ASV_736,Contaminant,TRUE
ASV_737,Contaminant,TRUE
ASV_738,Contaminant,TRUE
ASV_739,Contaminant,TRUE
ASV_740,Contaminant,TRUE
ASV_741,Contaminant,TRUE
ASV_742,Contaminant,TRUE
ASV_743,Contaminant,TRUE
ASV_744,Contaminant,TRUE
ASV_745,Contaminant,TRUE
ASV_746,Contaminant,TRUE
ASV_747,Contaminant,TRUE
ASV_748,Contaminant,TRUE
ASV_749,Contaminant,TRUE
ASV_750,Contaminant,TRUE
ASV_751,Contaminant,TRUE
ASV_752,Contaminant,TRUE
ASV_753,Contaminant,TRUE
ASV_754,Contaminant,TRUE
ASV_755,Contaminant,TRUE
ASV_756,Contaminant,TRUE
ASV_757,Contaminant,TRUE
ASV_758,Contaminant,TRUE
ASV_759,Contaminant,TRUE
ASV_760,Contaminant,TRUE
ASV_761,Contaminant,TRUE
ASV_762,Contaminant,TRUE
ASV_763,Contaminant,TRUE
ASV_764,Contaminant,TRUE
ASV_765,Contaminant,TRUE
ASV_766,Contaminant,TRUE
ASV_767,Contaminant,TRUE
ASV_768,Contaminant,TRUE
ASV_769,Contaminant,TRUE
ASV_770,Contaminant,TRUE
ASV_771,Contaminant,TRUE
ASV_772,Contaminant,TRUE
ASV_773,Contaminant,TRUE
ASV_774,Contaminant,TRUE
ASV_775,Contaminant,TRUE
ASV_776,Contaminant,TRUE
ASV_777,Contaminant,TRUE
ASV_778,Contaminant,TRUE
ASV_779,Contaminant,TRUE
ASV_780,Contaminant,TRUE
ASV_781,Contaminant,TRUE
ASV_782,Contaminant,TRUE
ASV_783,Contaminant,TRUE
ASV_784,Contaminant,TRUE
ASV_785,Contaminant,TRUE
ASV_786,Contaminant,TRUE
ASV_787,Contaminant,TRUE
ASV_788,Contaminant,TRUE
ASV_789,Contaminant,TRUE
ASV_790,Contaminant,TRUE
ASV_791,Contaminant,TRUE
ASV_792,Contaminant,TRUE
ASV_793,Contaminant,TRUE
ASV_794,Contaminant,TRUE
ASV_795,Contaminant,TRUE
ASV_796,Contaminant,TRUE
ASV_797,Contaminant,TRUE
ASV_798,Contaminant,TRUE
ASV_799,Contaminant,TRUE
ASV_800,Contaminant,TRUE
ASV_801,Contaminant,TRUE
ASV_802,Contaminant,TRUE
ASV_803,Contaminant,TRUE
ASV_804,Contaminant,TRUE
ASV_805,Contaminant,TRUE
ASV_806,Contaminant,TRUE
ASV_807,Contaminant,TRUE
ASV_808,Contaminant,TRUE
ASV_809,Contaminant,TRUE
ASV_810,Contaminant,TRUE
ASV_811,Contaminant,TRUE
ASV_812,Contaminant,TRUE
ASV_813,Contaminant,TRUE
ASV_814,Contaminant,TRUE
ASV_815,Contaminant,TRUE
ASV_816,Contaminant,TRUE
ASV_817,Contaminant,TRUE
ASV_818,Contaminant,TRUE
ASV_819,Contaminant,TRUE
ASV_820,Contaminant,TRUE
ASV_821,Contaminant,TRUE
ASV_822,Contaminant,TRUE
ASV_823,Contaminant,TRUE
ASV_824,Contaminant,TRUE
ASV_825,Contaminant,TRUE
ASV_826,Contaminant,TRUE
ASV_827,Contaminant,TRUE
ASV_828,Contaminant,TRUE
ASV_829,Contaminant,TRUE
ASV_830,Contaminant,TRUE
ASV_831,Contaminant,TRUE
ASV_832,Contaminant,TRUE
ASV_833,Contaminant,TRUE
ASV_834,Contaminant,TRUE
ASV_835,Contaminant,TRUE
ASV_836,Contaminant,TRUE
ASV_837,Contaminant,TRUE
ASV_838,Contaminant,TRUE
ASV_839,Contaminant,TRUE
ASV_840,Contaminant,TRUE
ASV_841,Contaminant,TRUE
ASV_842,Contaminant,TRUE
ASV_843,Contaminant,TRUE
ASV_844,Contaminant,TRUE
ASV_845,Contaminant,TRUE
ASV_846,Contaminant,TRUE
ASV_847,Contaminant,TRUE
ASV_848,Contaminant,TRUE
ASV_849,Contaminant,TRUE
ASV_850,Contaminant,TRUE
ASV_851,Contaminant,TRUE
ASV_852,Contaminant,TRUE
ASV_853,Contaminant,TRUE
ASV_854,Contaminant,TRUE
ASV_855,Contaminant,TRUE
ASV_856,Contaminant,TRUE
ASV_857,Contaminant,TRUE
ASV_858,Contaminant,TRUE
ASV_859,Contaminant,TRUE
ASV_860,Contaminant,TRUE
ASV_861,Contaminant,TRUE
ASV_862,Contaminant,TRUE
ASV_863,Contaminant,TRUE
ASV_864,Contaminant,TRUE
ASV_865,Contaminant,TRUE
ASV_866,Contaminant,TRUE
ASV_867,Contaminant,TRUE
ASV_868,Contaminant,TRUE
ASV_869,Contaminant,TRUE
ASV_870,Contaminant,TRUE
ASV_871,Contaminant,TRUE
ASV_872,Contaminant,TRUE
ASV_873,Contaminant,TRUE
ASV_874,Contaminant,TRUE
ASV_875,Contaminant,TRUE
ASV_876,Contaminant,TRUE
ASV_877,Contaminant,TRUE
ASV_878,Contaminant,TRUE
ASV_879,Contaminant,TRUE
ASV_880,Contaminant,TRUE
ASV_881,Contaminant,TRUE
ASV_882,Contaminant,TRUE
ASV_883,Contaminant,TRUE
ASV_884,Contaminant,TRUE
ASV_885,Contaminant,TRUE
ASV_886,Contaminant,TRUE
ASV_887,Contaminant,TRUE
ASV_888,Contaminant,TRUE
ASV_889,Contaminant,TRUE
ASV_890,Contaminant,TRUE
ASV_891,Contaminant,TRUE
ASV_892,Contaminant,TRUE
ASV_893,Contaminant,TRUE
ASV_894,Contaminant,TRUE
ASV_895,Contaminant,TRUE
ASV_896,Contaminant,TRUE
ASV_897,Contaminant,TRUE
ASV_898,Contaminant,TRUE
ASV_899,Contaminant,TRUE
ASV_900,Contaminant,TRUE
ASV_901,Contaminant,TRUE
ASV_902,Contaminant,TRUE
ASV_903,Contaminant,TRUE
ASV_904,Contaminant,TRUE
ASV_905,Contaminant,TRUE
ASV_906,Contaminant,TRUE
ASV_907,Contaminant,TRUE
ASV_908,Contaminant,TRUE
ASV_909,Contaminant,TRUE
ASV_910,Contaminant,TRUE
ASV_911,Contaminant,TRUE
ASV_912,Contaminant,TRUE
ASV_913,Contaminant,TRUE
ASV_914,Contaminant,TRUE
ASV_915,Contaminant,TRUE
ASV_916,Contaminant,TRUE
ASV_917,Contaminant,TRUE
ASV_918,Contaminant,TRUE
ASV_919,Contaminant,TRUE
ASV_920,Contaminant,TRUE
ASV_921,Contaminant,TRUE
ASV_922,Contaminant,TRUE
ASV_923,Contaminant,TRUE
ASV_924,Contaminant,TRUE
ASV_925,Contaminant,TRUE
ASV_926,Contaminant,TRUE
ASV_927,Contaminant,TRUE
ASV_928,Contaminant,TRUE
ASV_929,Contaminant,TRUE
ASV_930,Contaminant,TRUE
ASV_931,Contaminant,TRUE
ASV_932,Contaminant,TRUE
ASV_933,Contaminant,TRUE
ASV_934,Contaminant,TRUE
ASV_935,Contaminant,TRUE
ASV_936,Contaminant,TRUE
ASV_937,Contaminant,TRUE
ASV_938,Contaminant,TRUE
ASV_939,Contaminant,TRUE
ASV_940,Contaminant,TRUE
ASV_941,Contaminant,TRUE
ASV_942,Contaminant,TRUE
ASV_943,Contaminant,TRUE
ASV_944,Contaminant,TRUE
ASV_945,Contaminant,TRUE
ASV_946,Contaminant,TRUE
ASV_947,Contaminant,TRUE
ASV_948,Contaminant,TRUE
ASV_949,Contaminant,TRUE
ASV_950,Contaminant,TRUE
ASV_951,Contaminant,TRUE
ASV_952,Contaminant,TRUE
ASV_953,Contaminant,TRUE
ASV_954,Contaminant,TRUE
ASV_955,Contaminant,TRUE
ASV_956,Contaminant,TRUE
ASV_957,Contaminant,TRUE
ASV_958,Contaminant,TRUE
ASV_959,Contaminant,TRUE
ASV_960,Contaminant,TRUE
ASV_961,Contaminant,TRUE
ASV_962,Contaminant,TRUE
ASV_963,Contaminant,TRUE
ASV_964,Contaminant,TRUE
ASV_965,Contaminant,TRUE
ASV_966,Contaminant,TRUE
ASV_967,Contaminant,TRUE
ASV_968,Contaminant,TRUE
ASV_969,Contaminant,TRUE
ASV_970,Contaminant,TRUE
ASV_971,Contaminant,TRUE
ASV_972,Contaminant,TRUE
ASV_973,Contaminant,TRUE
ASV_974,Contaminant,TRUE
ASV_975,Contaminant,TRUE
ASV_976,Contaminant,TRUE
ASV_977,Contaminant,TRUE
ASV_978,Contaminant,TRUE
ASV_979,Contaminant,TRUE
ASV_980,Contaminant,TRUE
ASV_981,Contaminant,TRUE
ASV_982,Contaminant,TRUE
ASV_983,Contaminant,TRUE
ASV_984,Contaminant,TRUE
ASV_985,Contaminant,TRUE
ASV_986,Contaminant,TRUE
ASV_987,Contaminant,TRUE
ASV_988,Contaminant,TRUE
ASV_989,Contaminant,TRUE
ASV_990,Contaminant,TRUE
ASV_991,Contaminant,TRUE
ASV_992,Contaminant,TRUE
ASV_993,Contaminant,TRUE
ASV_994,Contaminant,TRUE
ASV_995,Contaminant,TRUE
ASV_996,Contaminant,TRUE
ASV_997,Contaminant,TRUE
ASV_998,Contaminant,TRUE
ASV_999,Contaminant,TRUE
ASV_1000,Contaminant,TRUE
ASV_1001,Contaminant,TRUE
ASV_1002,Contaminant,TRUE
ASV_1003,Contaminant,TRUE
ASV_1004,Contaminant,TRUE
ASV_1005,Contaminant,TRUE
ASV_1006,Contaminant,TRUE
ASV_1007,Contaminant,TRUE
ASV_1008,Contaminant,TRUE
ASV_1009,Contaminant,TRUE
ASV_1010,Contaminant,TRUE
ASV_1011,Contaminant,TRUE
ASV_1012,Contaminant,TRUE
ASV_1013,Contaminant,TRUE
ASV_1014,Contaminant,TRUE
ASV_1015,Contaminant,TRUE
ASV_1016,Contaminant,TRUE
ASV_1017,Contaminant,TRUE
ASV_1018,Contaminant,TRUE
ASV_1019,Contaminant,TRUE
ASV_1020,Contaminant,TRUE
ASV_1021,Contaminant,TRUE
ASV_1022,Contaminant,TRUE
ASV_1023,Contaminant,TRUE
ASV_1024,Contaminant,TRUE
ASV_1025,Contaminant,TRUE
ASV_1026,Contaminant,TRUE
ASV_1027,Contaminant,TRUE
ASV_1028,Contaminant,TRUE
ASV_1029,Contaminant,TRUE
ASV_1030,Contaminant,TRUE
ASV_1031,Contaminant,TRUE
ASV_1032,Contaminant,TRUE
ASV_1033,Contaminant,TRUE
ASV_1034,Contaminant,TRUE
ASV_1035,Contaminant,TRUE
ASV_1036,Contaminant,TRUE
ASV_1037,Contaminant,TRUE
ASV_1038,Contaminant,TRUE
ASV_1039,Contaminant,TRUE
ASV_1040,Contaminant,TRUE
ASV_1041,Contaminant,TRUE
ASV_1042,Contaminant,TRUE
ASV_1043,Contaminant,TRUE
ASV_1044,Contaminant,TRUE
ASV_1045,Contaminant,TRUE
ASV_1046,Contaminant,TRUE
ASV_1047,Contaminant,TRUE
ASV_1048,Contaminant,TRUE
ASV_1049,Contaminant,TRUE
ASV_1050,Contaminant,TRUE
ASV_1051,Contaminant,TRUE
ASV_1052,Contaminant,TRUE
ASV_1053,Contaminant,TRUE
ASV_1054,Contaminant,TRUE
ASV_1055,Contaminant,TRUE
ASV_1056,Contaminant,TRUE
ASV_1057,Contaminant,TRUE
ASV_1058,Contaminant,TRUE
ASV_1059,Contaminant,TRUE
ASV_1060,Contaminant,TRUE
ASV_1061,Contaminant,TRUE
ASV_1062,Contaminant,TRUE
ASV_1063,Contaminant,TRUE
ASV_1064,Contaminant,TRUE
ASV_1065,Contaminant,TRUE
ASV_1066,Contaminant,TRUE
ASV_1067,Contaminant,TRUE
ASV_1068,Contaminant,TRUE
ASV_1069,Contaminant,TRUE
ASV_1070,Contaminant,TRUE
ASV_1071,Contaminant,TRUE
ASV_1072,Contaminant,TRUE
ASV_1073,Contaminant,TRUE
ASV_1074,Contaminant,TRUE
ASV_1075,Contaminant,TRUE
ASV_1076,Contaminant,TRUE
ASV_1077,Contaminant,TRUE
ASV_1078,Contaminant,TRUE
ASV_1079,Contaminant,TRUE
ASV_1080,Contaminant,TRUE
ASV_1081,Contaminant,TRUE
ASV_1082,Contaminant,TRUE
ASV_1083,Contaminant,TRUE
ASV_1084,Contaminant,TRUE
ASV_1085,Contaminant,TRUE
ASV_1086,Contaminant,TRUE
ASV_1087,Contaminant,TRUE
ASV_1088,Contaminant,TRUE
ASV_1089,Contaminant,TRUE
ASV_1090,Contaminant,TRUE
ASV_1091,Contaminant,TRUE
ASV_1092,Contaminant,TRUE
ASV_1093,Contaminant,TRUE
ASV_1094,Contaminant,TRUE
ASV_1095,Contaminant,TRUE
ASV_1096,Contaminant,TRUE
ASV_1097,Contaminant,TRUE
ASV_1098,Contaminant,TRUE
ASV_1099,Contaminant,TRUE
ASV_1100,Contaminant,TRUE
ASV_1101,Contaminant,TRUE
ASV_1102,Contaminant,TRUE
ASV_1103,Contaminant,TRUE
ASV_1104,Contaminant,TRUE
ASV_1105,Contaminant,TRUE
ASV_1106,Contaminant,TRUE
ASV_1107,Contaminant,TRUE
ASV_1108,Contaminant,TRUE
ASV_1109,Contaminant,TRUE
ASV_1110,Contaminant,TRUE
ASV_1111,Contaminant,TRUE
ASV_1112,Contaminant,TRUE
ASV_1113,Contaminant,TRUE
ASV_1114,Contaminant,TRUE
ASV_1115,Contaminant,TRUE
ASV_1116,Contaminant,TRUE
ASV_1117,Contaminant,TRUE
ASV_1118,Contaminant,TRUE
ASV_1119,Contaminant,TRUE
ASV_1120,Contaminant,TRUE
ASV_1121,Contaminant,TRUE
ASV_1122,Contaminant,TRUE
ASV_1123,Contaminant,TRUE
ASV_1124,Contaminant,TRUE
ASV_1125,Contaminant,TRUE
ASV_1126,Contaminant,TRUE
ASV_1127,Contaminant,TRUE
ASV_1128,Contaminant,TRUE
ASV_1129,Contaminant,TRUE
ASV_1130,Contaminant,TRUE
ASV_1131,Contaminant,TRUE
ASV_1132,Contaminant,TRUE
ASV_1133,Contaminant,TRUE
ASV_1134,Contaminant,TRUE
ASV_1135,Contaminant,TRUE
ASV_1136,Contaminant,TRUE
ASV_1137,Contaminant,TRUE
ASV_1138,Contaminant,TRUE
ASV_1139,Contaminant,TRUE
ASV_1140,Contaminant,TRUE
ASV_1141,Contaminant,TRUE
ASV_1142,Contaminant,TRUE
ASV_1143,Contaminant,TRUE
ASV_1144,Contaminant,TRUE
ASV_1145,Contaminant,TRUE
ASV_1146,Contaminant,TRUE
ASV_1147,Contaminant,TRUE
ASV_1148,Contaminant,TRUE
ASV_1149,Contaminant,TRUE
ASV_1150,Contaminant,TRUE
ASV_1151,Contaminant,TRUE
ASV_1152,Contaminant,TRUE
ASV_1153,Contaminant,TRUE
ASV_1154,Contaminant,TRUE
ASV_1155,Contaminant,TRUE
ASV_1156,Contaminant,TRUE
ASV_1157,Contaminant,TRUE
ASV_1158,Contaminant,TRUE
ASV_1159,Contaminant,TRUE
ASV_1160,Contaminant,TRUE
ASV_1161,Contaminant,TRUE
ASV_1162,Contaminant,TRUE
ASV_1163,Contaminant,TRUE
ASV_1164,Contaminant,TRUE
ASV_1165,Contaminant,TRUE
ASV_1166,Contaminant,TRUE
ASV_1167,Contaminant,TRUE
ASV_1168,Contaminant,TRUE
ASV_1169,Contaminant,TRUE
ASV_1170,Contaminant,TRUE
ASV_1171,Contaminant,TRUE
ASV_1172,Contaminant,TRUE
ASV_1173,Contaminant,TRUE
ASV_1174,Contaminant,TRUE
ASV_1175,Contaminant,TRUE
ASV_1176,Contaminant,TRUE
ASV_1177,Contaminant,TRUE
ASV_1178,Contaminant,TRUE
ASV_1179,Contaminant,TRUE
ASV_1180,Contaminant,TRUE
ASV_1181,Contaminant,TRUE
ASV_1182,Contaminant,TRUE
ASV_1183,Contaminant,TRUE
ASV_1184,Contaminant,TRUE
ASV_1185,Contaminant,TRUE
ASV_1186,Contaminant,TRUE
ASV_1187,Contaminant,TRUE
ASV_1188,Contaminant,TRUE
ASV_1189,Contaminant,TRUE
ASV_1190,Contaminant,TRUE
ASV_1191,Contaminant,TRUE
ASV_1192,Contaminant,TRUE
ASV_1193,Contaminant,TRUE
ASV_1194,Contaminant,TRUE
ASV_1195,Contaminant,TRUE
ASV_1196,Contaminant,TRUE
ASV_1197,Contaminant,TRUE
ASV_1198,Contaminant,TRUE
ASV_1199,Contaminant,TRUE
ASV_1200,Contaminant,TRUE
ASV_1201,Contaminant,TRUE
ASV_1202,Contaminant,TRUE
ASV_1203,Contaminant,TRUE
ASV_1204,Contaminant,TRUE
ASV_1205,Contaminant,TRUE
ASV_1206,Contaminant,TRUE
ASV_1207,Contaminant,TRUE
ASV_1208,Contaminant,TRUE
ASV_1209,Contaminant,TRUE
ASV_1210,Contaminant,TRUE
ASV_1211,Contaminant,TRUE
ASV_1212,Contaminant,TRUE
ASV_1213,Contaminant,TRUE
ASV_1214,Contaminant,TRUE
ASV_1215,Contaminant,TRUE
ASV_1216,Contaminant,TRUE
ASV_1217,Contaminant,TRUE
ASV_1218,Contaminant,TRUE
ASV_1219,Contaminant,TRUE
ASV_1220,Contaminant,TRUE
ASV_1221,Contaminant,TRUE
ASV_1222,Contaminant,TRUE
ASV_1223,Contaminant,TRUE
ASV_1224,Contaminant,TRUE
ASV_1225,Contaminant,TRUE
ASV_1226,Contaminant,TRUE
ASV_1227,Contaminant,TRUE
ASV_1228,Contaminant,TRUE
ASV_1229,Contaminant,TRUE
ASV_1230,Contaminant,TRUE
ASV_1231,Contaminant,TRUE
ASV_1232,Contaminant,TRUE
ASV_1233,Contaminant,TRUE
ASV_1234,Contaminant,TRUE
ASV_1235,Contaminant,TRUE
ASV_1236,Contaminant,TRUE
ASV_1237,Contaminant,TRUE
ASV_1238,Contaminant,TRUE
ASV_1239,Contaminant,TRUE
ASV_1240,Contaminant,TRUE
ASV_1241,Contaminant,TRUE
ASV_1242,Contaminant,TRUE
ASV_1243,Contaminant,TRUE
ASV_1244,Contaminant,TRUE
ASV_1245,Contaminant,TRUE
ASV_1246,Contaminant,TRUE
ASV_1247,Contaminant,TRUE
ASV_1248,Contaminant,TRUE
ASV_1249,Contaminant,TRUE
ASV_1250,Contaminant,TRUE
ASV_1251,Contaminant,TRUE
ASV_1252,Contaminant,TRUE
ASV_1253,Contaminant,TRUE
ASV_1254,Contaminant,TRUE
ASV_1255,Contaminant,TRUE
ASV_1256,Contaminant,TRUE
ASV_1257,Contaminant,TRUE
ASV_1258,Contaminant,TRUE
ASV_1259,Contaminant,TRUE
ASV_1260,Contaminant,TRUE
ASV_1261,Contaminant,TRUE
ASV_1262,Contaminant,TRUE
ASV_1263,Contaminant,TRUE
ASV_1264,Contaminant,TRUE
ASV_1265,Contaminant,TRUE
ASV_1266,Contaminant,TRUE
ASV_1267,Contaminant,TRUE
ASV_1268,Contaminant,TRUE
ASV_1269,Contaminant,TRUE
ASV_1270,Contaminant,TRUE
ASV_1271,Contaminant,TRUE
ASV_1272,Contaminant,TRUE
ASV_1273,Contaminant,TRUE
ASV_1274,Contaminant,TRUE
ASV_1275,Contaminant,TRUE
ASV_1276,Contaminant,TRUE
ASV_1277,Contaminant,TRUE
ASV_1278,Contaminant,TRUE
ASV_1279,Contaminant,TRUE
ASV_1280,Contaminant,TRUE
ASV_1281,Contaminant,TRUE
ASV_1282,Contaminant,TRUE
ASV_1283,Contaminant,TRUE
ASV_1284,Contaminant,TRUE
ASV_1285,Contaminant,TRUE
ASV_1286,Contaminant,TRUE
ASV_1287,Contaminant,TRUE
ASV_1288,Contaminant,TRUE
ASV_1289,Contaminant,TRUE
ASV_1290,Contaminant,TRUE
ASV_1291,Contaminant,TRUE
ASV_1292,Contaminant,TRUE
ASV_1293,Contaminant,TRUE
ASV_1294,Contaminant,TRUE
ASV_1295,Contaminant,TRUE
ASV_1296,Contaminant,TRUE
ASV_1297,Contaminant,TRUE
ASV_1298,Contaminant,TRUE
ASV_1299,Contaminant,TRUE
ASV_1300,Contaminant,TRUE
ASV_1301,Contaminant,TRUE
ASV_1302,Contaminant,TRUE
ASV_1303,Contaminant,TRUE
ASV_1304,Contaminant,TRUE
ASV_1305,Contaminant,TRUE
ASV_1306,Contaminant,TRUE
ASV_1307,Contaminant,TRUE
ASV_1308,Contaminant,TRUE
ASV_1309,Contaminant,TRUE
ASV_1310,Contaminant,TRUE
ASV_1311,Contaminant,TRUE
ASV_1312,Contaminant,TRUE
ASV_1313,Contaminant,TRUE
ASV_1314,Contaminant,TRUE
ASV_1315,Contaminant,TRUE
ASV_1316,Contaminant,TRUE
ASV_1317,Contaminant,TRUE
ASV_1318,Contaminant,TRUE
ASV_1319,Contaminant,TRUE
ASV_1320,Contaminant,TRUE
ASV_1321,Contaminant,TRUE
ASV_1322,Contaminant,TRUE
ASV_1323,Contaminant,TRUE
ASV_1324,Contaminant,TRUE
ASV_1325,Contaminant,TRUE
ASV_1326,Contaminant,TRUE
ASV_1327,Contaminant,TRUE
ASV_1328,Contaminant,TRUE
ASV_1329,Contaminant,TRUE
ASV_1330,Contaminant,TRUE
ASV_1331,Contaminant,TRUE
ASV_1332,Contaminant,TRUE
ASV_1333,Contaminant,TRUE
ASV_1334,Contaminant,TRUE
ASV_1335,Contaminant,TRUE
ASV_1336,Contaminant,TRUE
ASV_1337,Contaminant,TRUE
ASV_1338,Contaminant,TRUE
ASV_1339,Contaminant,TRUE
ASV_1340,Contaminant,TRUE
ASV_1341,Contaminant,TRUE
ASV_1342,Contaminant,TRUE
ASV_1343,Contaminant,TRUE
ASV_1344,Contaminant,TRUE
ASV_1345,Contaminant,TRUE
ASV_1346,Contaminant,TRUE
ASV_1347,Contaminant,TRUE
ASV_1348,Contaminant,TRUE
ASV_1349,Contaminant,TRUE
ASV_1350,Contaminant,TRUE
ASV_1351,Contaminant,TRUE
ASV_1352,Contaminant,TRUE
ASV_1353,Contaminant,TRUE
ASV_1354,Contaminant,TRUE
ASV_1355,Contaminant,TRUE
ASV_1356,Contaminant,TRUE
ASV_1357,Contaminant,TRUE
ASV_1358,Contaminant,TRUE
ASV_1359,Contaminant,TRUE
ASV_1360,Contaminant,TRUE
ASV_1361,Contaminant,TRUE
ASV_1362,Contaminant,TRUE
ASV_1363,Contaminant,TRUE
ASV_1364,Contaminant,TRUE
ASV_1365,Contaminant,TRUE
ASV_1366,Contaminant,TRUE
ASV_1367,Contaminant,TRUE
ASV_1368,Contaminant,TRUE
ASV_1369,Contaminant,TRUE
ASV_1370,Contaminant,TRUE
ASV_1371,Contaminant,TRUE
ASV_1372,Contaminant,TRUE
ASV_1373,Contaminant,TRUE
ASV_1374,Contaminant,TRUE
ASV_1375,Contaminant,TRUE
ASV_1376,Contaminant,TRUE
ASV_1377,Contaminant,TRUE
ASV_1378,Contaminant,TRUE
ASV_1379,Contaminant,TRUE
ASV_1380,Contaminant,TRUE
ASV_1381,Contaminant,TRUE
ASV_1382,Contaminant,TRUE
ASV_1383,Contaminant,TRUE
ASV_1384,Contaminant,TRUE
ASV_1385,Contaminant,TRUE
ASV_1386,Contaminant,TRUE
ASV_1387,Contaminant,TRUE
ASV_1388,Contaminant,TRUE
ASV_1389,Contaminant,TRUE
ASV_1390,Contaminant,TRUE
ASV_1391,Contaminant,TRUE
ASV_1392,Contaminant,TRUE
ASV_1393,Contaminant,TRUE
ASV_1394,Contaminant,TRUE
ASV_1395,Contaminant,TRUE
ASV_1396,Contaminant,TRUE
ASV_1397,Contaminant,TRUE
ASV_1398,Contaminant,TRUE
ASV_1399,Contaminant,TRUE
ASV_1400,Contaminant,TRUE
ASV_1401,Contaminant,TRUE
ASV_1402,Contaminant,TRUE
ASV_1403,Contaminant,TRUE
ASV_1404,Contaminant,TRUE
ASV_1405,Contaminant,TRUE
ASV_1406,Contaminant,TRUE
ASV_1407,Contaminant,TRUE
ASV_1408,Contaminant,TRUE
ASV_1409,Contaminant,TRUE
ASV_1410,Contaminant,TRUE
ASV_1411,Contaminant,TRUE
ASV_1412,Contaminant,TRUE
ASV_1413,Contaminant,TRUE
ASV_1414,Contaminant,TRUE
