method,intensity,parameter,parameter_value,mean_Sensitivity_Recall,mean_Specificity,mean_Precision_PPV,mean_F1,mean_Youden_J,mean_total_reads_removed_pct
SCRuB non-spatial,Default / reference,removal-fraction cutoff,0.5,0.5360877938197638,0.8671875554833981,0.7566005990135006,0.6049155237088903,0.403275349303162,24.742545610595577
MicrobIEM,Default / reference,negative-control ratio,1,0.35638096892502225,1,1,0.5154278483662365,0.3563809689250223,13.0850411269188
Frequency,Default / reference,decontam threshold,0.1,0.15566478217786156,1,1,0.2659765622194111,0.1556647821778615,4.668143997260046
Combined,Default / reference,decontam threshold,0.1,0.05501871827883001,1,1,0.10346016775008333,0.05501871827882998,1.6043390723239335
Prevalence,Default / reference,decontam threshold,0.1,0.023483020210074118,1,1,0.04522676475190814,0.02348302021007409,1.0095866081058256
Frequency,Intermediate,decontam threshold,0.5,0.7602947244701099,1,1,0.8608855974399172,0.7602947244701099,27.821847214738963
Combined,Intermediate,decontam threshold,0.5,0.7300799784135016,1,1,0.8394211691817227,0.7300799784135016,25.60384058777898
Prevalence,Intermediate,decontam threshold,0.5,0.538544088520185,1,1,0.6965360245557246,0.5385440885201849,20.23158301069327
MicrobIEM,Intermediate,negative-control ratio,0.5,0.41815650479012123,1,1,0.5812377166061694,0.41815650479012123,15.763119754761124
SCRuB non-spatial,Intermediate,removal-fraction cutoff,0.2,0.5360877938197638,0.8671875554833981,0.7566005990135006,0.6049155237088903,0.403275349303162,24.742545610595577
Frequency,Aggressive,decontam threshold,0.9,0.8252908228176865,0.9527850962769255,0.752927844562913,0.7476307271840089,0.7780759190946119,33.003055275457
Combined,Aggressive,decontam threshold,0.9,0.8078037502599573,0.7397277244063455,0.5413221825656258,0.5520604659277002,0.5475314746663028,44.528105226306714
Prevalence,Aggressive,decontam threshold,0.9,0.781455172490901,0.7272821172482895,0.5310727004295154,0.537915036668402,0.5087372897391906,45.093500388139184
MicrobIEM,Aggressive,negative-control ratio,0.1,0.4957953178535164,1,1,0.6573984139729213,0.49579531785351644,18.895170915010734
SCRuB non-spatial,Aggressive,removal-fraction cutoff,0.05,0.5478695071902395,0.8499060258841825,0.7513687539221242,0.6133988603833063,0.39777553307442204,25.850797914310206
