SampleID,dilution,input_cells,method,intensity,parameter,parameter_value,TP,TN,FP,FN,n_flagged_ASVs,Sensitivity_Recall,Specificity,Precision_PPV,F1,Youden_J,contaminant_reads_removed_pct,expected_reads_retained_pct,total_reads_removed_pct
D0,D0,1500000000,Prevalence,Default / reference,decontam threshold,0.1,0,251293,0,126,56,0,1,0,0,0,0,100,0
D0,D0,1500000000,Prevalence,Intermediate,decontam threshold,0.5,79,251293,0,47,194,0.626984126984127,1,1,0.7707317073170732,0.626984126984127,62.698412698412696,100,0.03142165071056682
D0,D0,1500000000,Prevalence,Aggressive,decontam threshold,0.9,79,167470,83823,47,320,0.626984126984127,0.666433207451063,9.415746942861911e-4,0.001880325605750464,0.29341733443519,62.698412698412696,66.64332074510631,33.3713840242782
D0,D0,1500000000,Frequency,Default / reference,decontam threshold,0.1,32,251293,0,94,38,0.25396825396825395,1,1,0.4050632911392405,0.25396825396825395,25.396825396825395,100,0.012727757249849852
D0,D0,1500000000,Frequency,Intermediate,decontam threshold,0.5,111,251293,0,15,255,0.8809523809523809,1,1,0.9367088607594937,0.8809523809523809,88.09523809523809,100,0.04414940796041668
D0,D0,1500000000,Frequency,Aggressive,decontam threshold,0.9,111,244427,6866,15,308,0.8809523809523809,0.9726773129374873,0.01590941665472266,0.03125439954948613,0.8536296938898682,88.09523809523809,97.26773129374872,2.7750488228813257
D0,D0,1500000000,Combined,Default / reference,decontam threshold,0.1,0,251293,0,126,13,0,1,0,0,0,0,100,0
D0,D0,1500000000,Combined,Intermediate,decontam threshold,0.5,111,251293,0,15,213,0.8809523809523809,1,1,0.9367088607594937,0.8809523809523809,88.09523809523809,100,0.04414940796041668
D0,D0,1500000000,Combined,Aggressive,decontam threshold,0.9,111,175329,75964,15,263,0.8809523809523809,0.6977074570322294,0.0014590864278672363,0.0029133475938635978,0.5786598379846102,88.09523809523809,69.77074570322294,30.258254149447733
D0,D0,1500000000,MicrobIEM,Default / reference,negative-control ratio,1,74,251293,0,52,631,0.5873015873015873,1,1,0.74,0.5873015873015874,58.730158730158735,100,0.029432938640277784
D0,D0,1500000000,MicrobIEM,Intermediate,negative-control ratio,0.5,74,251293,0,52,645,0.5873015873015873,1,1,0.74,0.5873015873015874,58.730158730158735,100,0.029432938640277784
D0,D0,1500000000,MicrobIEM,Aggressive,negative-control ratio,0.1,79,251293,0,47,659,0.626984126984127,1,1,0.7707317073170732,0.626984126984127,62.698412698412696,100,0.03142165071056682
D0,D0,1500000000,SCRuB non-spatial,Default / reference,removal-fraction cutoff,0.5,83,251293,0,43,6,0.6587301587301587,1,1,0.7942583732057417,0.6587301587301586,65.87301587301587,100,0.03301262036679806
D0,D0,1500000000,SCRuB non-spatial,Intermediate,removal-fraction cutoff,0.2,83,251293,0,43,6,0.6587301587301587,1,1,0.7942583732057417,0.6587301587301586,65.87301587301587,100,0.03301262036679806
D0,D0,1500000000,SCRuB non-spatial,Aggressive,removal-fraction cutoff,0.05,83,251293,0,43,6,0.6587301587301587,1,1,0.7942583732057417,0.6587301587301586,65.87301587301587,100,0.03301262036679806
D1,D1,500000000,Prevalence,Default / reference,decontam threshold,0.1,0,172675,0,240,56,0,1,0,0,0,0,100,0
D1,D1,500000000,Prevalence,Intermediate,decontam threshold,0.5,105,172675,0,135,194,0.4375,1,1,0.6086956521739131,0.4375,43.75,100,0.06072347685278894
D1,D1,500000000,Prevalence,Aggressive,decontam threshold,0.9,114,123834,48841,126,320,0.475,0.7171507166642537,0.002328669185987131,0.004634617339160483,0.19215071666425354,47.5,71.71507166642537,28.311598184078882
D1,D1,500000000,Frequency,Default / reference,decontam threshold,0.1,182,172675,0,58,38,0.7583333333333333,1,1,0.8625592417061612,0.7583333333333333,75.83333333333333,100,0.10525402654483416
D1,D1,500000000,Frequency,Intermediate,decontam threshold,0.5,204,172675,0,36,255,0.85,1,1,0.9189189189189189,0.8500000000000001,85,100,0.11797704074256138
D1,D1,500000000,Frequency,Aggressive,decontam threshold,0.9,217,166236,6439,23,308,0.9041666666666667,0.9627102939047343,0.032602163461538464,0.06293503480278423,0.8668769605714011,90.41666666666667,96.27102939047343,3.8492901136396496
D1,D1,500000000,Combined,Default / reference,decontam threshold,0.1,40,172675,0,200,13,0.16666666666666666,1,1,0.2857142857142857,0.16666666666666674,16.666666666666664,100,0.02313275308677674
D1,D1,500000000,Combined,Intermediate,decontam threshold,0.5,217,172675,0,23,213,0.9041666666666667,1,1,0.949671772428884,0.9041666666666668,90.41666666666667,100,0.12549518549576383
D1,D1,500000000,Combined,Aggressive,decontam threshold,0.9,217,127397,45278,23,263,0.9041666666666667,0.7377848559432459,0.0047697549181228704,0.009489450092926642,0.6419515226099126,90.41666666666667,73.7784855943246,26.310615042072694
D1,D1,500000000,MicrobIEM,Default / reference,negative-control ratio,1,70,172675,0,170,631,0.2916666666666667,1,1,0.45161290322580644,0.29166666666666674,29.166666666666668,100,0.04048231790185929
D1,D1,500000000,MicrobIEM,Intermediate,negative-control ratio,0.5,97,172675,0,143,645,0.4041666666666667,1,1,0.5756676557863502,0.4041666666666668,40.416666666666664,100,0.056096926235433595
D1,D1,500000000,MicrobIEM,Aggressive,negative-control ratio,0.1,97,172675,0,143,659,0.4041666666666667,1,1,0.5756676557863502,0.4041666666666668,40.416666666666664,100,0.056096926235433595
D1,D1,500000000,SCRuB non-spatial,Default / reference,removal-fraction cutoff,0.5,122,136493,36182,118,9,0.5083333333333333,0.7904618502968004,0.0033605112384310267,0.006676882661996497,0.2987951836301337,50.83333333333333,79.04618502968003,20.99528670155857
D1,D1,500000000,SCRuB non-spatial,Intermediate,removal-fraction cutoff,0.2,122,136493,36182,118,9,0.5083333333333333,0.7904618502968004,0.0033605112384310267,0.006676882661996497,0.2987951836301337,50.83333333333333,79.04618502968003,20.99528670155857
D1,D1,500000000,SCRuB non-spatial,Aggressive,removal-fraction cutoff,0.05,122,136493,36182,118,9,0.5083333333333333,0.7904618502968004,0.0033605112384310267,0.006676882661996497,0.2987951836301337,50.83333333333333,79.04618502968003,20.99528670155857
D2,D2,166666666.66666666,Prevalence,Default / reference,decontam threshold,0.1,118,246351,0,4392,56,0.02616407982261641,1,1,0.05099394987035437,0.02616407982261637,2.616407982261641,100,0.0470380011241285
D2,D2,166666666.66666666,Prevalence,Intermediate,decontam threshold,0.5,2823,246351,0,1687,194,0.6259423503325943,1,1,0.769944088367653,0.6259423503325943,62.59423503325942,100,1.1253243828255488
D2,D2,166666666.66666666,Prevalence,Aggressive,decontam threshold,0.9,3938,173400,72951,572,320,0.8731707317073171,0.7038737411254673,0.051216688993224,0.09675794542930503,0.5770444728327844,87.3170731707317,70.38737411254672,30.650041257907766
D2,D2,166666666.66666666,Frequency,Default / reference,decontam threshold,0.1,1090,246351,0,3420,38,0.24168514412416853,1,1,0.3892857142857143,0.24168514412416853,24.168514412416854,100,0.4345035697059328
D2,D2,166666666.66666666,Frequency,Intermediate,decontam threshold,0.5,4136,246351,0,374,255,0.9170731707317074,1,1,0.9567430025445294,0.9170731707317072,91.70731707317074,100,1.648721802113521
D2,D2,166666666.66666666,Frequency,Aggressive,decontam threshold,0.9,4229,238355,7996,281,308,0.9376940133037694,0.9675422466318383,0.3459304703476483,0.5054078279055871,0.9052362599356076,93.76940133037695,96.75422466318383,4.873216641885347
D2,D2,166666666.66666666,Combined,Default / reference,decontam threshold,0.1,421,246351,0,4089,13,0.09334811529933482,1,1,0.1707564388562158,0.09334811529933473,9.334811529933482,100,0.1678220209598144
D2,D2,166666666.66666666,Combined,Intermediate,decontam threshold,0.5,4077,246351,0,433,213,0.9039911308203991,1,1,0.949574938861069,0.903991130820399,90.3991130820399,100,1.6252028015514568
D2,D2,166666666.66666666,Combined,Aggressive,decontam threshold,0.9,4168,179209,67142,342,263,0.9241685144124169,0.72745391737805,0.05844902538213434,0.10994460564494855,0.6516224317904669,92.41685144124169,72.745391737805,28.426100509844098
D2,D2,166666666.66666666,MicrobIEM,Default / reference,negative-control ratio,1,2062,246351,0,2448,631,0.45720620842572063,1,1,0.6275106512477175,0.4572062084257207,45.72062084257206,100,0.821969138287737
D2,D2,166666666.66666666,MicrobIEM,Intermediate,negative-control ratio,0.5,2312,246351,0,2198,645,0.5126385809312639,1,1,0.6778070946936383,0.5126385809312639,51.26385809312639,100,0.9216259203303822
D2,D2,166666666.66666666,MicrobIEM,Aggressive,negative-control ratio,0.1,2653,246351,0,1857,659,0.5882483370288248,1,1,0.740751081948904,0.588248337028825,58.824833702882486,100,1.05755777103655
D2,D2,166666666.66666666,SCRuB non-spatial,Default / reference,removal-fraction cutoff,0.5,3267,246351,0,1243,88,0.724390243902439,1,1,0.8401697312588402,0.724390243902439,72.4390243902439,100,1.3023148277332866
D2,D2,166666666.66666666,SCRuB non-spatial,Intermediate,removal-fraction cutoff,0.2,3267,246351,0,1243,88,0.724390243902439,1,1,0.8401697312588402,0.724390243902439,72.4390243902439,100,1.3023148277332866
D2,D2,166666666.66666666,SCRuB non-spatial,Aggressive,removal-fraction cutoff,0.05,3267,246351,0,1243,88,0.724390243902439,1,1,0.8401697312588402,0.724390243902439,72.4390243902439,100,1.3023148277332866
D3,D3,55555555.55555555,Prevalence,Default / reference,decontam threshold,0.1,101,236552,0,10928,56,0.009157675219874876,1,1,0.018149146451033243,0.009157675219874983,0.9157675219874876,100,0.04079472980559898
D3,D3,55555555.55555555,Prevalence,Intermediate,decontam threshold,0.5,3878,236552,0,7151,194,0.3516184604225224,1,1,0.5202924800429328,0.35161846042252254,35.16184604225224,100,1.5663560612486418
D3,D3,55555555.55555555,Prevalence,Aggressive,decontam threshold,0.9,7213,165992,70560,3816,320,0.6540030827817572,0.7017146335689405,0.09274426857649827,0.16245129614197878,0.3557177163506977,65.40030827817573,70.17146335689405,31.413153674958902
D3,D3,55555555.55555555,Frequency,Default / reference,decontam threshold,0.1,3719,236552,0,7310,38,0.33720192220509565,1,1,0.5043395714673176,0.3372019222050957,33.72019222050957,100,1.5021346549210157
D3,D3,55555555.55555555,Frequency,Intermediate,decontam threshold,0.5,8475,236552,0,2554,255,0.7684286880043522,1,1,0.8690525020508613,0.7684286880043523,76.84286880043521,100,3.4231221297272407
D3,D3,55555555.55555555,Frequency,Aggressive,decontam threshold,0.9,8856,228911,7641,2173,308,0.8029739776951673,0.9676984341709223,0.5368248772504092,0.6434643609678122,0.7706724118660895,80.29739776951673,96.76984341709223,6.663273837653132
D3,D3,55555555.55555555,Combined,Default / reference,decontam threshold,0.1,631,236552,0,10398,13,0.05721280261129749,1,1,0.10823327615780447,0.057212802611297464,5.721280261129749,100,0.25486608423101936
D3,D3,55555555.55555555,Combined,Intermediate,decontam threshold,0.5,8212,236552,0,2817,213,0.7445824644120047,1,1,0.8535938880515566,0.7445824644120047,74.45824644120047,100,3.3168942689463248
D3,D3,55555555.55555555,Combined,Aggressive,decontam threshold,0.9,8811,171727,64825,2218,263,0.7988938253694805,0.7259587743920999,0.11965614645010593,0.2081379554715644,0.5248525997615805,79.88938253694805,72.59587743920999,29.742185385792933
D3,D3,55555555.55555555,MicrobIEM,Default / reference,negative-control ratio,1,2128,236552,0,8901,631,0.1929458699791459,1,1,0.32347799650376224,0.19294586997914598,19.29458699791459,100,0.8595166834288577
D3,D3,55555555.55555555,MicrobIEM,Intermediate,negative-control ratio,0.5,2683,236552,0,8346,645,0.24326774866261675,1,1,0.3913360560093349,0.2432677486626167,24.326774866261676,100,1.0836857432517035
D3,D3,55555555.55555555,MicrobIEM,Aggressive,negative-control ratio,0.1,3508,236552,0,7521,659,0.31807054130020856,1,1,0.4826305289949784,0.3180705413002085,31.807054130020855,100,1.4169100213667447
D3,D3,55555555.55555555,SCRuB non-spatial,Default / reference,removal-fraction cutoff,0.5,4461,236552,0,6568,83,0.40447910055308733,1,1,0.575984506132989,0.40447910055308745,40.44791005530873,100,1.8018345511166043
D3,D3,55555555.55555555,SCRuB non-spatial,Intermediate,removal-fraction cutoff,0.2,4461,236552,0,6568,83,0.40447910055308733,1,1,0.575984506132989,0.40447910055308745,40.44791005530873,100,1.8018345511166043
D3,D3,55555555.55555555,SCRuB non-spatial,Aggressive,removal-fraction cutoff,0.05,4461,236552,0,6568,83,0.40447910055308733,1,1,0.575984506132989,0.40447910055308745,40.44791005530873,100,1.8018345511166043
D4,D4,18518518.51851852,Prevalence,Default / reference,decontam threshold,0.1,229,190476,0,25636,56,0.008853663251498164,1,1,0.01755192764620219,0.008853663251498167,0.8853663251498164,100,0.10585141050471247
D4,D4,18518518.51851852,Prevalence,Intermediate,decontam threshold,0.5,12574,190476,0,13291,194,0.4861395708486372,1,1,0.6542313795884389,0.4861395708486371,48.61395708486372,100,5.81212067985264
D4,D4,18518518.51851852,Prevalence,Aggressive,decontam threshold,0.9,20137,148406,42070,5728,320,0.7785424318577228,0.7791322791322791,0.3237095503721446,0.4572849486783541,0.557674710990002,77.85424318577228,77.91322791322791,28.754142765356544
D4,D4,18518518.51851852,Frequency,Default / reference,decontam threshold,0.1,3940,190476,0,21925,38,0.15232940266769765,1,1,0.26438517027344405,0.15232940266769757,15.232940266769765,100,1.8211989405614284
D4,D4,18518518.51851852,Frequency,Intermediate,decontam threshold,0.5,18888,190476,0,6977,255,0.7302532379663638,1,1,0.8440998368824436,0.7302532379663638,73.02532379663637,100,8.730661317087376
D4,D4,18518518.51851852,Frequency,Aggressive,decontam threshold,0.9,21387,181929,8547,4478,308,0.8268702880340228,0.9551282051282052,0.7144718380436962,0.766572877650137,0.7819984931622281,82.68702880340228,95.51282051282051,13.836489615930406
D4,D4,18518518.51851852,Combined,Default / reference,decontam threshold,0.1,1249,190476,0,24616,13,0.04828919389135898,1,1,0.09212952718152984,0.048289193891358995,4.828919389135898,100,0.5773293088226458
D4,D4,18518518.51851852,Combined,Intermediate,decontam threshold,0.5,19047,190476,0,6818,213,0.7364005412719892,1,1,0.8481920199501247,0.7364005412719892,73.64005412719892,100,8.804156401236936
D4,D4,18518518.51851852,Combined,Aggressive,decontam threshold,0.9,21370,150792,39684,4495,263,0.82621302919002515,0.7916587916587916,0.3500180168375536,0.49172217811985874,0.6178718208488168,82.62130291900252,79.16587916587916,28.221187846963822
D4,D4,18518518.51851852,MicrobIEM,Default / reference,negative-control ratio,1,7069,190476,0,18796,631,0.2733036922482119,1,1,0.4292828080403231,0.27330369224821194,27.330369224821187,100,3.2675267286367355
D4,D4,18518518.51851852,MicrobIEM,Intermediate,negative-control ratio,0.5,8477,190476,0,17388,645,0.32774018944519623,1,1,0.493681206685691,0.32774018944519634,32.774018944519625,100,3.9183511216089415
D4,D4,18518518.51851852,MicrobIEM,Aggressive,negative-control ratio,0.1,10594,190476,0,15271,659,0.4095882466653779,1,1,0.58114594475986725,0.40958824666537796,40.958824666537794,100,4.896898877235476
D4,D4,18518518.51851852,SCRuB non-spatial,Default / reference,removal-fraction cutoff,0.5,11627,161580,28896,14238,104,0.4495263870094723,0.8482958482958483,0.286923475557091,0.35027414592998735,0.2978222353053206,44.952638700947226,84.82958482958483,18.731077326997656
D4,D4,18518518.51851852,SCRuB non-spatial,Intermediate,removal-fraction cutoff,0.2,11627,161580,28896,14238,104,0.4495263870094723,0.8482958482958483,0.286923475557091,0.35027414592998735,0.2978222353053206,44.952638700947226,84.82958482958483,18.731077326997656
D4,D4,18518518.51851852,SCRuB non-spatial,Aggressive,removal-fraction cutoff,0.05,11779,161580,28896,14086,107,0.45540305432051037,0.8482958482958483,0.2895881991395206,0.3540426810940788,0.30369890261635857,45.540305432051035,84.82958482958483,18.8013367785117
D5,D5,6172839.50617284,Prevalence,Default / reference,decontam threshold,0.1,826,98164,0,37091,56,0.02178442387319672,1,1,0.042639960767106314,0.02178442387319679,2.178442387319672,100,0.6069914242252776
D5,D5,6172839.50617284,Prevalence,Intermediate,decontam threshold,0.5,18690,98164,0,19227,194,0.4929187435714851,1,1,0.6603423604854524,0.492918743571485,49.29187435714851,100,13.734466971877044
D5,D5,6172839.50617284,Prevalence,Aggressive,decontam threshold,0.9,27020,70945,27219,10897,320,0.7126091199198249,0.7227191231001182,0.49816552665056507,0.5863969790355484,0.435328243019943,71.2609119919825,72.27191231001183,39.857878763383574
D5,D5,6172839.50617284,Frequency,Default / reference,decontam threshold,0.1,7614,98164,0,30303,38,0.2008070258723,1,1,0.33445344929828025,0.20080702587230004,20.08070258723,100,5.595196978270295
D5,D5,6172839.50617284,Frequency,Intermediate,decontam threshold,0.5,26408,98164,0,11509,255,0.6964686024738244,1,1,0.8210804508356003,0.6964686024738245,69.64686024738243,100,19.406089020509842
D5,D5,6172839.50617284,Frequency,Aggressive,decontam threshold,0.9,28581,94403,3761,9336,308,0.753777988764934,0.9616865653396357,0.8837115824624328,0.81358971804324,0.7154645541045697,75.3777988764934,96.16865653396357,23.76672716984737
D5,D5,6172839.50617284,Combined,Default / reference,decontam threshold,0.1,1687,98164,0,36230,13,0.04449191655457974,1,1,0.0851934148065852,0.04449191655457985,4.449191655457974,100,1.2397028240533212
D5,D5,6172839.50617284,Combined,Intermediate,decontam threshold,0.5,25703,98164,0,12214,213,0.6778753593375003,1,1,0.8080163470606727,0.6778753593375004,67.78753593375004,100,18.88801522622556
D5,D5,6172839.50617284,Combined,Aggressive,decontam threshold,0.9,27872,73136,25028,10045,263,0.7350792520505314,0.745038914469663,0.5268809073724008,0.6138057852604689,0.48011816652019434,73.50792520505314,74.50389144696629,38.873905982466326
D5,D5,6172839.50617284,MicrobIEM,Default / reference,negative-control ratio,1,12641,98164,0,25276,631,0.33338608012237253,1,1,0.5000593377902607,0.3333860801223725,33.33860801223725,100,9.289320331273286
D5,D5,6172839.50617284,MicrobIEM,Intermediate,negative-control ratio,0.5,14015,98164,0,23902,645,0.3696231241923148,1,1,0.5397442809828237,0.3696231241923149,36.96231241923148,100,10.2990130877933
D5,D5,6172839.50617284,MicrobIEM,Aggressive,negative-control ratio,0.1,17081,98164,0,20836,659,0.45048395178943484,1,1,0.6211498599949089,0.4504839517894348,45.04839517894349,100,12.5520829505956
D5,D5,6172839.50617284,SCRuB non-spatial,Default / reference,removal-fraction cutoff,0.5,17633,78492,19672,20284,119,0.46504206556425876,0.7996006682694267,0.4726712236965554,0.46882560952912705,0.2646427338336854,46.50420655642588,79.96006682694266,27.41381971031959
D5,D5,6172839.50617284,SCRuB non-spatial,Intermediate,removal-fraction cutoff,0.2,17633,78492,19672,20284,119,0.46504206556425876,0.7996006682694267,0.4726712236965554,0.46882560952912705,0.2646427338336854,46.50420655642588,79.96006682694266,27.41381971031959
D5,D5,6172839.50617284,SCRuB non-spatial,Aggressive,removal-fraction cutoff,0.05,17768,76897,21267,20149,122,0.46860247382440595,0.7833523491300273,0.4551812475983092,0.4617943653186402,0.2519548229544333,46.8602473824406,78.33523491300272,28.685121361542024
D6,D6,2057613.1687242799,Prevalence,Default / reference,decontam threshold,0.1,4406,45482,0,78165,56,0.05336013854743191,1,1,0.10131414051990757,0.053360138547431823,5.33601385474319,100,3.4407628091493367
D6,D6,2057613.1687242799,Prevalence,Intermediate,decontam threshold,0.5,50053,45482,0,32518,194,0.6061813469620084,1,1,0.754810592351309,0.6061813469620083,60.61813469620084,100,39.08772149032041
D6,D6,2057613.1687242799,Prevalence,Aggressive,decontam threshold,0.9,64384,34811,10671,18187,320,0.7797410713204393,0.7653797106547645,0.8578242622077143,0.8169210663215459,0.545120781975204,77.97410713204394,76.53797106547646,58.6124495326154
D6,D6,2057613.1687242799,Frequency,Default / reference,decontam threshold,0.1,10012,45482,0,72559,38,0.12125322449770501,1,1,0.21628160677446184,0.12125322449770493,12.1253224497705,100,7.818637595370667
D6,D6,2057613.1687242799,Frequency,Intermediate,decontam threshold,0.5,56646,45482,0,25925,255,0.6860277821511185,1,1,0.8137799263021039,0.6860277821511185,68.60277821511185,100,44.236370877683456
D6,D6,2057613.1687242799,Frequency,Aggressive,decontam threshold,0.9,66185,43899,1583,16386,308,0.8015526032142035,0.9651950222065873,0.9766408924566167,0.8804767891232481,0.7667476254207908,80.15526032142036,96.51950222065872,52.92183705184572
D6,D6,2057613.1687242799,Combined,Default / reference,decontam threshold,0.1,3221,45482,0,79350,13,0.03900885298712623,1,1,0.07508858634837748,0.0390088529871262,3.9008852987126232,100,2.515364731790743
D6,D6,2057613.1687242799,Combined,Intermediate,decontam threshold,0.5,55590,45482,0,26981,213,0.6732387884366182,1,1,0.8047133416810822,0.6732387884366182,67.32387884366182,100,43.4117123378601
D6,D6,2057613.1687242799,Combined,Aggressive,decontam threshold,0.9,62039,35433,10049,20532,263,0.7513412699373873,0.7790554505078933,0.8606009321939851,0.8022682158813906,0.5303967204452804,75.13412699373873,77.90554505078933,56.2954401693049
D6,D6,2057613.1687242799,MicrobIEM,Default / reference,negative-control ratio,1,39187,45482,0,43384,631,0.47458550822928147,1,1,0.6436866571395718,0.4745855082292816,47.458550822928146,100,30.602172537933512
D6,D6,2057613.1687242799,MicrobIEM,Intermediate,negative-control ratio,0.5,44622,45482,0,37949,645,0.5404076491746497,1,1,0.70164238598036055,0.5404076491746497,54.04076491746497,100,34.84650886742208
D6,D6,2057613.1687242799,MicrobIEM,Aggressive,negative-control ratio,0.1,49094,45482,0,33477,659,0.5945670998292378,1,1,0.745741085330194,0.5945670998292378,59.45670998292378,100,38.33881283531038
D6,D6,2057613.1687242799,SCRuB non-spatial,Default / reference,removal-fraction cutoff,0.5,48896,37016,8466,33675,141,0.592169163507769,0.813860428301306,0.8524110038004253,0.6988487347516311,0.40602959180907505,59.216916350776906,81.3860428301306,44.795514357336415
D6,D6,2057613.1687242799,SCRuB non-spatial,Intermediate,removal-fraction cutoff,0.2,48896,37016,8466,33675,141,0.592169163507769,0.813860428301306,0.8524110038004253,0.6988487347516311,0.40602959180907505,59.216916350776906,81.3860428301306,44.795514357336415
D6,D6,2057613.1687242799,SCRuB non-spatial,Aggressive,removal-fraction cutoff,0.05,50581,37016,8466,31990,148,0.6125758438192586,0.813860428301306,0.8566226903991735,0.7143300992811648,0.42643627212056456,61.25758438192585,81.3860428301306,46.111375758475006
D7,D7,685871.0562414266,Prevalence,Default / reference,decontam threshold,0.1,0,18166,0,22905,56,0,1,0,0,0,0,100,0
D7,D7,685871.0562414266,Prevalence,Intermediate,decontam threshold,0.5,10180,18166,0,12725,194,0.4444444444444444,1,1,0.6153846153846153,0.4444444444444444,44.44444444444444,100,24.786345596649703
D7,D7,685871.0562414266,Prevalence,Aggressive,decontam threshold,0.9,14809,13295,4871,8096,320,0.6465400567561668,0.7318617196961357,0.7524898373983739,0.6955031114242104,0.37840177645230244,64.65400567561667,73.18617196961357,47.91702174283558
D7,D7,685871.0562414266,Frequency,Default / reference,decontam threshold,0.1,3585,18166,0,19320,38,0.15651604453176163,1,1,0.2706681766704417,0.1565160445317617,15.651604453176162,100,8.728786735165933
D7,D7,685871.0562414266,Frequency,Intermediate,decontam threshold,0.5,15692,18166,0,7213,255,0.6850905915738922,1,1,0.8131201906883955,0.6850905915738923,68.50905915738922,100,38.20700737746829
D7,D7,685871.0562414266,Frequency,Aggressive,decontam threshold,0.9,15960,17579,587,6945,308,0.6967910936476752,0.9676868875922052,0.9645252915936423,0.8090844570617459,0.6644779812398804,69.67910936476753,96.76868875922052,40.28876823062502
D7,D7,685871.0562414266,Combined,Default / reference,decontam threshold,0.1,1022,18166,0,21883,13,0.04461907880375464,1,1,0.08542650562126468,0.0446190788037546,4.461907880375464,100,2.4883737917265223
D7,D7,685871.0562414266,Combined,Intermediate,decontam threshold,0.5,14914,18166,0,7991,213,0.6511242086880594,1,1,0.7887040905365028,0.6511242086880595,65.11242086880594,100,36.312726741496434
D7,D7,685871.0562414266,Combined,Aggressive,decontam threshold,0.9,15960,13295,4871,6945,263,0.6967910936476752,0.7318617196961357,0.7661658105707839,0.7298335467349552,0.428652813343811,69.67910936476753,73.18617196961357,50.71948576854715
D7,D7,685871.0562414266,MicrobIEM,Default / reference,negative-control ratio,1,6223,18166,0,16682,631,0.27168740449683476,1,1,0.4272864597638012,0.2716874044968347,27.168740449683476,100,15.151810279759442
D7,D7,685871.0562414266,MicrobIEM,Intermediate,negative-control ratio,0.5,7463,18166,0,15442,645,0.32582405588299496,1,1,0.491504214963119,0.325824055882995,32.582405588299494,100,18.170972218840543
D7,D7,685871.0562414266,MicrobIEM,Aggressive,negative-control ratio,0.1,9782,18166,0,13123,659,0.4270683256930801,1,1,0.5985254076544192,0.42706832569308006,42.70683256930801,100,23.817292006525285
D7,D7,685871.0562414266,SCRuB non-spatial,Default / reference,removal-fraction cutoff,0.5,9381,14359,3807,13524,44,0.40956123117223314,0.7904326764284928,0.7113284804367607,0.5198237885462555,0.199993907600726,40.956123117223314,79.04326764284929,32.110248106936766
D7,D7,685871.0562414266,SCRuB non-spatial,Intermediate,removal-fraction cutoff,0.2,9381,14359,3807,13524,44,0.40956123117223314,0.7904326764284928,0.7113284804367607,0.5198237885462555,0.199993907600726,40.956123117223314,79.04326764284929,32.110248106936766
D7,D7,685871.0562414266,SCRuB non-spatial,Aggressive,removal-fraction cutoff,0.05,9725,13882,4284,13180,47,0.42457978607290986,0.7641748321039304,0.6941965879077736,0.5269003630059056,0.18875461817684025,42.45797860729098,76.41748321039304,34.109225487570306
D8,D8,228623.68541380888,Prevalence,Default / reference,decontam threshold,0.1,182,8159,0,32586,56,0.00555419921875,1,1,0.011047040971168437,0.00555419921875,0.555419921875,100,0.44469421164512424
D8,D8,228623.68541380888,Prevalence,Intermediate,decontam threshold,0.5,14284,8159,0,18484,194,0.4359130859375,1,1,0.6071580379154977,0.4359130859375,43.59130859375,100,34.90116548977448
D8,D8,228623.68541380888,Prevalence,Aggressive,decontam threshold,0.9,22753,5391,2768,10015,320,0.694366455078125,0.6607427380806471,0.8915403001449786,0.7806961862444028,0.3551091931587722,69.4366455078125,66.0742738080647,62.35736799667701
D8,D8,228623.68541380888,Frequency,Default / reference,decontam threshold,0.1,3519,8159,0,29249,38,0.107391357421875,1,1,0.19395375754402402,0.107391357421875,10.7391357421875,100,8.598235883402156
D8,D8,228623.68541380888,Frequency,Intermediate,decontam threshold,0.5,23194,8159,0,9574,255,0.70782470703125,1,1,0.8289196240305922,0.70782470703125,70.782470703125,100,56.67163486207149
D8,D8,228623.68541380888,Frequency,Aggressive,decontam threshold,0.9,24086,7533,626,8682,308,0.73504638671875,0.9232749111410712,0.9746681774036905,0.8380654140570633,0.6583212978598212,73.504638671875,92.32749111410712,60.38067779216654
D8,D8,228623.68541380888,Combined,Default / reference,decontam threshold,0.1,1292,8159,0,31476,13,0.0394287109375,1,1,0.07586611861421022,0.0394287109375,3.94287109375,100,3.1568402277225305
D8,D8,228623.68541380888,Combined,Intermediate,decontam threshold,0.5,19880,8159,0,12888,213,0.606689453125,1,1,0.7552043762346148,0.606689453125,60.6689453125,100,48.57429081046742
D8,D8,228623.68541380888,Combined,Aggressive,decontam threshold,0.9,23904,5391,2768,8864,263,0.7294921875,0.6607427380806471,0.8962207558488302,0.80430686406460306,0.3902349255806472,72.94921875,66.0742738080647,65.16969237911404
D8,D8,228623.68541380888,MicrobIEM,Default / reference,negative-control ratio,1,7223,8159,0,25545,631,0.220428466796875,1,1,0.3612312770373334,0.220428466796875,22.0428466796875,100,17.648496102817212
D8,D8,228623.68541380888,MicrobIEM,Intermediate,negative-control ratio,0.5,9563,8159,0,23205,645,0.291839599609375,1,1,0.45182017906498784,0.291839599609375,29.1839599609375,100,23.365993109683096
D8,D8,228623.68541380888,MicrobIEM,Aggressive,negative-control ratio,0.1,12805,8159,0,19963,659,0.390777587890625,1,1,0.5619555438527198,0.390777587890625,39.0777587890625,100,31.287414176460526
D8,D8,228623.68541380888,SCRuB non-spatial,Default / reference,removal-fraction cutoff,0.5,12395,6581,1578,20373,58,0.378265380859375,0.8065939453364382,0.8870679166964861,0.5303694828951028,0.18485932619581336,37.8265380859375,80.65939453364382,34.141275930314954
D8,D8,228623.68541380888,SCRuB non-spatial,Intermediate,removal-fraction cutoff,0.2,12395,6581,1578,20373,58,0.378265380859375,0.8065939453364382,0.8870679166964861,0.5303694828951028,0.18485932619581336,37.8265380859375,80.65939453364382,34.141275930314954
D8,D8,228623.68541380888,SCRuB non-spatial,Aggressive,removal-fraction cutoff,0.05,13078,6017,2142,19690,61,0.39910888671875,0.7374678269395759,0.8592641261498029,0.5450529298991414,0.13657671365832602,39.910888671875,73.74678269395758,37.18816429252083
