batch_definition,control_definition,method_definition,threshold,control_reads_removed_pct,biological_reads_retained_pct,contaminant_features,balance_index
Cycle aware,Air Swab only,Frequency,0.5,60.19805825242718,68.60964944249564,740,0.4334436285085554
Cycle aware,Air Swab only,Prevalence,0.4,57.93980582524272,76.53891138579378,249,0.4771496732936563
Cycle aware,Prep control + Air Swab,Frequency,0.4,54.107281465211145,83.49223297643465,440,0.383124223774014
Cycle aware,Prep control + Air Swab,Prevalence,0.3,62.14761110468861,87.36621126323406,363,0.5507020246891916
Cycle aware,Prep control only,Frequency,0.4,63.89040544811931,84.22710862827235,414,0.5194568641679376
Cycle aware,Prep control only,Prevalence,0.3,75.05244102180971,81.10393537882733,340,0.6380246858532623
Pooled,Air Swab only,Frequency,0.5,47.054368932038834,88.74453754821656,699,0.470547393979861
Pooled,Air Swab only,Prevalence,0.4,53.92038834951456,94.22637008403476,232,0.5986316943295759
Pooled,Prep control + Air Swab,Frequency,0.5,48.454195636735975,90.92271206959886,656,0.42198450772974394
Pooled,Prep control + Air Swab,Prevalence,0.5,58.279797195752344,94.20590323718903,416,0.5460572562528203
Pooled,Prep control only,Frequency,0.4,50.22556823079797,94.7995866083104,383,0.4873948970665451
Pooled,Prep control only,Prevalence,0.5,68.34861067210713,93.47532369235432,376,0.6390996683931537
