control_scenario,control_definition,method,method_definition,threshold,contaminant_features_cycle_batch,contaminant_features_pooled,biological_reads_retained_pct_cycle_batch,biological_reads_retained_pct_pooled,control_reads_removed_pct_cycle_batch,control_reads_removed_pct_pooled,additional_contaminant_ASVs,change_in_true_retention,change_in_control_removal
air_swab_only,Air Swab only,frequency,Frequency,0.01,8,3,99.82289419557327,99.99073199388118,2.6776699029126263,0,5,-0.16783779830791445,2.6776699029126263
air_swab_only,Air Swab only,frequency,Frequency,0.05,43,32,99.51555359683111,99.68377756206064,7.396116504854362,7.1029126213592235,11,-0.16822396522952943,0.2932038834951385
air_swab_only,Air Swab only,frequency,Frequency,0.1,81,57,99.11147818422383,99.52989004379616,9.326213592233003,8.06601941747573,24,-0.4184118595723305,1.2601941747572738
air_swab_only,Air Swab only,frequency,Frequency,0.2,168,146,96.72178073152566,98.50896124477046,19.939805825242715,14.419417475728153,22,-1.787180513244806,5.520388349514562
air_swab_only,Air Swab only,frequency,Frequency,0.3,293,281,93.11865026937556,96.57185142420774,31.200000000000003,23.283495145631065,12,-3.453201154832172,7.916504854368938
air_swab_only,Air Swab only,frequency,Frequency,0.4,409,420,85.76579072745642,94.1716791937607,45.2252427184466,29.34368932038835,-11,-8.405888466304276,15.881553398058252
air_swab_only,Air Swab only,frequency,Frequency,0.5,740,699,68.60964944249564,88.74453754821656,60.19805825242718,47.054368932038834,41,-20.13488810572092,13.143689320388347
air_swab_only,Air Swab only,frequency,Frequency,0.6,997,1012,56.43115150631648,73.26967049824704,63.30485436893204,62.35728155339806,-15,-16.838518991930556,0.9475728155339809
air_swab_only,Air Swab only,frequency,Frequency,0.7,1101,1180,37.9590981650796,62.48460762785866,67.94174757281553,64.9242718446602,-79,-24.525509462779056,3.0174757281553326
air_swab_only,Air Swab only,frequency,Frequency,0.8,1161,1292,2.484549702820418,54.9080608965927,78.50485436893204,66.66601941747572,-131,-52.423511193772285,11.83883495145632
air_swab_only,Air Swab only,frequency,Frequency,0.9,1199,1370,2.3621347886677384,47.78366735967539,78.99417475728156,68.59611650485436,-171,-45.42153257100765,10.398058252427191
air_swab_only,Air Swab only,prevalence,Prevalence,0.01,10,8,99.9865806994738,99.99744164414429,2.0660194174757294,1.9514563106796174,2,-0.010860944670483264,0.11456310679611192
air_swab_only,Air Swab only,prevalence,Prevalence,0.05,27,29,99.70395478371515,99.88241217236754,4.099029126213594,5.413592233009709,-2,-0.17845738865239014,-1.3145631067961148
air_swab_only,Air Swab only,prevalence,Prevalence,0.1,92,83,99.00243429973214,98.30390660939167,15.553398058252426,23.737864077669897,9,0.6985276903404696,-8.18446601941747
air_swab_only,Air Swab only,prevalence,Prevalence,0.2,181,152,95.73710335226677,97.16611404571154,35.26601941747573,35.58252427184466,29,-1.4290106934447664,-0.3165048543689295
air_swab_only,Air Swab only,prevalence,Prevalence,0.3,219,209,93.37072072746125,95.10176222447593,43.96116504854369,48.06601941747573,10,-1.7310414970146866,-4.104854368932038
air_swab_only,Air Swab only,prevalence,Prevalence,0.4,249,232,76.53891138579378,94.22637008403476,57.93980582524272,53.92038834951456,17,-17.687458698240974,4.0194174757281615
air_swab_only,Air Swab only,prevalence,Prevalence,0.5,268,271,66.26199591338855,86.20491078820048,65.70097087378642,59.984466019417475,-3,-19.942914874811933,5.716504854368942
air_swab_only,Air Swab only,prevalence,Prevalence,0.6,891,671,24.804852959703965,56.72010090541662,78.13203883495146,71.7766990291262,220,-31.915247945712657,6.355339805825253
air_swab_only,Air Swab only,prevalence,Prevalence,0.7,1143,1091,13.99671661574895,43.5975213876136,78.85436893203884,73.79223300970874,52,-29.600804771864645,5.0621359223301
air_swab_only,Air Swab only,prevalence,Prevalence,0.8,1202,1303,11.047318481031722,23.898519194668193,78.92815533980583,78.89126213592233,-101,-12.851200713636471,0.03689320388349415
air_swab_only,Air Swab only,prevalence,Prevalence,0.9,1228,1391,4.397186194725635,18.372808442381242,79.40582524271845,79.59417475728155,-163,-13.975622247655608,-0.18834951456310023
prep_and_air_swab,Prep control + Air Swab,frequency,Frequency,0.01,9,4,99.88646692504452,99.99425576704094,3.6151343495565698,0.016515003881025336,5,-0.10778884199642391,3.5986193456755444
prep_and_air_swab,Prep control + Air Swab,frequency,Frequency,0.05,57,26,99.17403722552582,99.86059374129616,13.129428085415597,4.6844808508530065,31,-0.6865565157703344,8.44494723456259
prep_and_air_swab,Prep control + Air Swab,frequency,Frequency,0.1,101,58,98.40160684056085,99.44198879826303,17.052567257353303,14.349061122029369,43,-1.0403819577021807,2.7035061353239342
prep_and_air_swab,Prep control + Air Swab,frequency,Frequency,0.2,189,142,96.70189313506236,98.29396281116003,26.34390844081848,27.1490148800185,47,-1.5920696760976654,-0.8051064392000171
prep_and_air_swab,Prep control + Air Swab,frequency,Frequency,0.3,311,259,92.04631299890956,97.2455196189691,40.26605671252333,32.42803587058843,52,-5.199206620059542,7.838020841934899
prep_and_air_swab,Prep control + Air Swab,frequency,Frequency,0.4,440,397,83.49223297643465,94.79876600360197,54.107281465211145,39.37259500255983,43,-11.306533027167319,14.734686462651318
prep_and_air_swab,Prep control + Air Swab,frequency,Frequency,0.5,760,656,69.14680763046529,90.92271206959886,66.61822265528232,48.454195636735975,104,-21.77590443913357,18.16402701854635
prep_and_air_swab,Prep control + Air Swab,frequency,Frequency,0.6,1026,947,60.98116326027216,81.5340287877786,70.69164836253736,58.63404402900035,79,-20.552865527506434,12.057604333537014
prep_and_air_swab,Prep control + Air Swab,frequency,Frequency,0.7,1142,1147,52.896227776697046,74.86183671607512,73.15568694158642,62.33010189757395,-5,-21.965608939378072,10.825585044012477
prep_and_air_swab,Prep control + Air Swab,frequency,Frequency,0.8,1209,1275,49.67240977330554,68.62060692889654,76.09040313124473,71.4810655480504,-66,-18.948197155590996,4.609337583194332
prep_and_air_swab,Prep control + Air Swab,frequency,Frequency,0.9,1273,1403,41.61677470490813,55.85450775061147,79.60314445673895,77.20764314379613,-130,-14.237733045703337,2.3955013129428124
prep_and_air_swab,Prep control + Air Swab,prevalence,Prevalence,0.01,52,34,99.79369032212597,99.87874358661217,11.197172631335562,14.171524830308329,18,-0.08505326448620565,-2.974352198972767
prep_and_air_swab,Prep control + Air Swab,prevalence,Prevalence,0.05,129,90,98.12984186947268,99.71317451896876,23.507456524252277,22.760152598635855,39,-1.5833326494960716,0.7473039256164213
prep_and_air_swab,Prep control + Air Swab,prevalence,Prevalence,0.1,190,141,97.43961676794699,98.7848292394008,30.224108602665524,31.94827500784463,49,-1.34521247145382,-1.7241664051791048
prep_and_air_swab,Prep control + Air Swab,prevalence,Prevalence,0.2,273,190,89.71434750099317,96.42047399093377,54.54988356922264,45.45259368135952,83,-6.706126489940601,9.09728988786312
prep_and_air_swab,Prep control + Air Swab,prevalence,Prevalence,0.3,363,269,87.36621126323406,95.87737848654426,62.14761110468861,51.72746940595531,94,-8.511167223310196,10.420141698733296
prep_and_air_swab,Prep control + Air Swab,prevalence,Prevalence,0.4,417,368,77.18463074960309,95.38390543158256,69.61487010949448,55.428481775693214,49,-18.199274681979475,14.186388333801261
prep_and_air_swab,Prep control + Air Swab,prevalence,Prevalence,0.5,447,416,73.3468556117053,94.20590323718903,72.00459117107893,58.279797195752344,31,-20.85904762548374,13.724793975326584
prep_and_air_swab,Prep control + Air Swab,prevalence,Prevalence,0.6,464,451,27.61122452082719,65.23508152707778,78.84675727898797,66.81557695166057,13,-37.62385700625059,12.031180327327391
prep_and_air_swab,Prep control + Air Swab,prevalence,Prevalence,0.7,915,837,22.083003683549723,62.54016739370635,82.38427111030371,76.3587719443114,78,-40.45716371015662,6.025499165992315
prep_and_air_swab,Prep control + Air Swab,prevalence,Prevalence,0.8,1110,1038,13.685803972981832,55.27984310037975,84.31982956515995,79.75260524186223,72,-41.59403912739792,4.567224323297722
prep_and_air_swab,Prep control + Air Swab,prevalence,Prevalence,0.9,1280,1288,6.374843542058163,49.038130604549146,85.71534739310664,81.24225859193078,-8,-42.66328706249098,4.473088801175862
prep_control_only,Prep control only,frequency,Frequency,0.01,7,3,99.91996690549482,99.99174568205044,0.17671905979713642,0,4,-0.07177877655561815,0.17671905979713642
prep_control_only,Prep control only,frequency,Frequency,0.05,51,24,98.95850781239818,99.87439920874398,15.065659032786414,0.8821585586621126,27,-0.9158913963457991,14.183500474124301
prep_control_only,Prep control only,frequency,Frequency,0.1,86,50,98.25505649380709,99.68517741715151,17.39174161662021,8.883365420533892,36,-1.4301209233444183,8.508376196086317
prep_control_only,Prep control only,frequency,Frequency,0.2,161,136,96.90405151852902,98.25607018197634,28.795149564667682,32.53211114623143,25,-1.3520186634473248,-3.7369615815637474
prep_control_only,Prep control only,frequency,Frequency,0.3,274,242,93.28368835750175,97.23552754987224,44.945547541737305,41.903968276773654,32,-3.9518391923704996,3.0415792649636515
prep_control_only,Prep control only,frequency,Frequency,0.4,414,383,84.22710862827235,94.7995866083104,63.89040544811931,50.22556823079797,31,-10.572477980038059,13.664837217321342
prep_control_only,Prep control only,frequency,Frequency,0.5,731,635,69.87719409183919,90.9325110552349,71.70770954857619,54.3777477658688,96,-21.05531696339571,17.329961782707393
prep_control_only,Prep control only,frequency,Frequency,0.6,1000,938,52.425973007897596,81.03519766677945,77.244906755553,59.51409442257406,62,-28.609224658881857,17.730812332978942
prep_control_only,Prep control only,frequency,Frequency,0.7,1118,1125,37.53750042840393,73.8048013098782,79.37702939570701,68.7767592885262,-7,-36.26730088147427,10.600270107180819
prep_control_only,Prep control only,frequency,Frequency,0.8,1188,1258,34.863632392260634,63.519534977792986,83.35823683227494,77.42162581535013,-70,-28.655902585532353,5.9366110169248145
prep_control_only,Prep control only,frequency,Frequency,0.9,1236,1373,34.52501227286748,55.95177354399382,84.07373351340479,82.97750064653314,-137,-21.426761271126345,1.0962328668716452
prep_control_only,Prep control only,prevalence,Prevalence,0.01,47,40,99.86001449091373,99.95578388747482,11.551392201373517,12.749633631217492,7,-0.09576939656109573,-1.198241429843975
prep_control_only,Prep control only,prevalence,Prevalence,0.05,104,85,99.21666039949933,99.66562771674464,24.427458981063765,25.154449584782043,19,-0.44896731724530525,-0.7269906037182778
prep_control_only,Prep control only,prevalence,Prevalence,0.1,147,107,97.3126161216001,99.48905289183513,36.63975173127209,32.26344070572685,40,-2.1764367702350285,4.376311025545242
prep_control_only,Prep control only,prevalence,Prevalence,0.2,248,196,96.15845973461644,97.44801589849216,54.56596074825436,50.726990603718285,52,-1.2895561638757158,3.838970144536077
prep_control_only,Prep control only,prevalence,Prevalence,0.3,340,289,81.10393537882733,96.73867553434641,75.05244102180971,56.79290824976294,51,-15.634740155519083,18.259532772046775
prep_control_only,Prep control only,prevalence,Prevalence,0.4,363,334,71.24509386993802,94.60452404202847,80.14568546880837,64.73377201804546,29,-23.359430172090455,15.41191345076291
prep_control_only,Prep control only,prevalence,Prevalence,0.5,379,376,62.99092073296413,93.47532369235432,81.96890893939829,68.34861067210713,3,-30.484402959390195,13.620298267291162
prep_control_only,Prep control only,prevalence,Prevalence,0.6,395,401,26.4520962347277,65.25130053778571,85.17140312059999,73.95046119364386,-6,-38.799204303058005,11.22094192695613
prep_control_only,Prep control only,prevalence,Prevalence,0.7,988,950,16.255793107210074,61.735105903864714,87.01761443636677,83.38553489842246,38,-45.47931279665464,3.632079537944307
prep_control_only,Prep control only,prevalence,Prevalence,0.8,1179,1150,10.354245398459097,54.142774599677644,87.13686388322175,84.4228614120284,29,-43.788529201218545,2.7140024711933535
prep_control_only,Prep control only,prevalence,Prevalence,0.9,1254,1337,5.342764173170764,49.18950803782312,87.46731415763915,85.26191776098388,-83,-43.84674386465235,2.2053963966552743
