method,threshold,Genus,method_definition,removed_true_reads,removed_ASVs,original_true_reads,reduction_pct,retained_pct,taxon_group,Genus_label
frequency,0.01,Corynebacterium,Frequency,0,0,157461,0,100,Skin commensal,Corynebacterium
frequency,0.01,Cutibacterium,Frequency,0,0,608364,0,100,Skin commensal,Cutibacterium
frequency,0.01,Duncaniella,Frequency,0,0,4840,0,100,Representative contaminant,Duncaniella
frequency,0.01,Lactobacillus,Frequency,0,0,23580,0,100,Representative contaminant,Lactobacillus
frequency,0.01,Lawsonella,Frequency,0,0,138786,0,100,Skin commensal,Lawsonella
frequency,0.01,Lepagella,Frequency,0,0,11084,0,100,Representative contaminant,Lepagella
frequency,0.05,Corynebacterium,Frequency,0,0,157461,0,100,Skin commensal,Corynebacterium
frequency,0.05,Cutibacterium,Frequency,0,0,608364,0,100,Skin commensal,Cutibacterium
frequency,0.05,Duncaniella,Frequency,177,2,4840,3.65702479338843,96.34297520661157,Representative contaminant,Duncaniella
frequency,0.05,Lactobacillus,Frequency,56,1,23580,0.23748939779474132,99.76251060220525,Representative contaminant,Lactobacillus
frequency,0.05,Lawsonella,Frequency,0,0,138786,0,100,Skin commensal,Lawsonella
frequency,0.05,Lepagella,Frequency,42,1,11084,0.37892457596535545,99.62107542403464,Representative contaminant,Lepagella
frequency,0.1,Corynebacterium,Frequency,56,1,157461,0.0355643619689955,99.964435638031,Skin commensal,Corynebacterium
frequency,0.1,Cutibacterium,Frequency,0,0,608364,0,100,Skin commensal,Cutibacterium
frequency,0.1,Duncaniella,Frequency,493,3,4840,10.185950413223141,89.81404958677686,Representative contaminant,Duncaniella
frequency,0.1,Lactobacillus,Frequency,56,1,23580,0.23748939779474132,99.76251060220525,Representative contaminant,Lactobacillus
frequency,0.1,Lawsonella,Frequency,0,0,138786,0,100,Skin commensal,Lawsonella
frequency,0.1,Lepagella,Frequency,42,1,11084,0.37892457596535545,99.62107542403464,Representative contaminant,Lepagella
frequency,0.2,Corynebacterium,Frequency,56,1,157461,0.0355643619689955,99.964435638031,Skin commensal,Corynebacterium
frequency,0.2,Cutibacterium,Frequency,0,0,608364,0,100,Skin commensal,Cutibacterium
frequency,0.2,Duncaniella,Frequency,1475,7,4840,30.475206611570247,69.52479338842976,Representative contaminant,Duncaniella
frequency,0.2,Lactobacillus,Frequency,56,1,23580,0.23748939779474132,99.76251060220525,Representative contaminant,Lactobacillus
frequency,0.2,Lawsonella,Frequency,0,0,138786,0,100,Skin commensal,Lawsonella
frequency,0.2,Lepagella,Frequency,936,4,11084,8.44460483579935,91.55539516420065,Representative contaminant,Lepagella
frequency,0.30000000000000004,Corynebacterium,Frequency,56,1,157461,0.0355643619689955,99.964435638031,Skin commensal,Corynebacterium
frequency,0.30000000000000004,Cutibacterium,Frequency,0,0,608364,0,100,Skin commensal,Cutibacterium
frequency,0.30000000000000004,Duncaniella,Frequency,1898,9,4840,39.21487603305785,60.78512396694215,Representative contaminant,Duncaniella
frequency,0.30000000000000004,Lactobacillus,Frequency,669,2,23580,2.837150127226463,97.16284987277353,Representative contaminant,Lactobacillus
frequency,0.30000000000000004,Lawsonella,Frequency,0,0,138786,0,100,Skin commensal,Lawsonella
frequency,0.30000000000000004,Lepagella,Frequency,6977,7,11084,62.94658967881631,37.05341032118369,Representative contaminant,Lepagella
frequency,0.4,Corynebacterium,Frequency,1181,5,157461,0.7500269908104229,99.24997300918957,Skin commensal,Corynebacterium
frequency,0.4,Cutibacterium,Frequency,39743,1,608364,6.532766567384001,93.467233432616,Skin commensal,Cutibacterium
frequency,0.4,Duncaniella,Frequency,2958,13,4840,61.11570247933884,38.88429752066116,Representative contaminant,Duncaniella
frequency,0.4,Lactobacillus,Frequency,20420,4,23580,86.59881255301103,13.40118744698897,Representative contaminant,Lactobacillus
frequency,0.4,Lawsonella,Frequency,0,0,138786,0,100,Skin commensal,Lawsonella
frequency,0.4,Lepagella,Frequency,10478,10,11084,94.53265968964273,5.467340310357272,Representative contaminant,Lepagella
frequency,0.5,Corynebacterium,Frequency,43157,26,157461,27.408056598141762,72.59194340185823,Skin commensal,Corynebacterium
frequency,0.5,Cutibacterium,Frequency,39743,1,608364,6.532766567384001,93.467233432616,Skin commensal,Cutibacterium
frequency,0.5,Duncaniella,Frequency,4483,17,4840,92.62396694214875,7.376033057851245,Representative contaminant,Duncaniella
frequency,0.5,Lactobacillus,Frequency,23489,9,23580,99.61407972858355,0.38592027141645247,Representative contaminant,Lactobacillus
frequency,0.5,Lawsonella,Frequency,0,0,138786,0,100,Skin commensal,Lawsonella
frequency,0.5,Lepagella,Frequency,10895,11,11084,98.2948394081559,1.7051605918441055,Representative contaminant,Lepagella
frequency,0.6,Corynebacterium,Frequency,53337,39,157461,33.8731495417913,66.12685045820871,Skin commensal,Corynebacterium
frequency,0.6,Cutibacterium,Frequency,39918,2,608364,6.561532240566503,93.4384677594335,Skin commensal,Cutibacterium
frequency,0.6,Duncaniella,Frequency,4648,18,4840,96.03305785123968,3.9669421487603245,Representative contaminant,Duncaniella
frequency,0.6,Lactobacillus,Frequency,23489,9,23580,99.61407972858355,0.38592027141645247,Representative contaminant,Lactobacillus
frequency,0.6,Lawsonella,Frequency,14159,1,138786,10.20203766950557,89.79796233049443,Skin commensal,Lawsonella
frequency,0.6,Lepagella,Frequency,10927,12,11084,98.58354384698664,1.4164561530133568,Representative contaminant,Lepagella
frequency,0.7000000000000001,Corynebacterium,Frequency,56986,46,157461,36.19054877080674,63.80945122919326,Skin commensal,Corynebacterium
frequency,0.7000000000000001,Cutibacterium,Frequency,42195,3,608364,6.935814742489693,93.0641852575103,Skin commensal,Cutibacterium
frequency,0.7000000000000001,Duncaniella,Frequency,4695,19,4840,97.00413223140495,2.9958677685950477,Representative contaminant,Duncaniella
frequency,0.7000000000000001,Lactobacillus,Frequency,23489,9,23580,99.61407972858355,0.38592027141645247,Representative contaminant,Lactobacillus
frequency,0.7000000000000001,Lawsonella,Frequency,14159,1,138786,10.20203766950557,89.79796233049443,Skin commensal,Lawsonella
frequency,0.7000000000000001,Lepagella,Frequency,10927,12,11084,98.58354384698664,1.4164561530133568,Representative contaminant,Lepagella
frequency,0.8,Corynebacterium,Frequency,58955,51,157461,37.441017140752315,62.558982859247685,Skin commensal,Corynebacterium
frequency,0.8,Cutibacterium,Frequency,42195,3,608364,6.935814742489693,93.0641852575103,Skin commensal,Cutibacterium
frequency,0.8,Duncaniella,Frequency,4695,20,4840,97.00413223140495,2.9958677685950477,Representative contaminant,Duncaniella
frequency,0.8,Lactobacillus,Frequency,23489,9,23580,99.61407972858355,0.38592027141645247,Representative contaminant,Lactobacillus
frequency,0.8,Lawsonella,Frequency,14159,1,138786,10.20203766950557,89.79796233049443,Skin commensal,Lawsonella
frequency,0.8,Lepagella,Frequency,10927,13,11084,98.58354384698664,1.4164561530133568,Representative contaminant,Lepagella
frequency,0.9,Corynebacterium,Frequency,59480,54,157461,37.77443303421165,62.22556696578835,Skin commensal,Corynebacterium
frequency,0.9,Cutibacterium,Frequency,42201,4,608364,6.936800994141665,93.06319900585834,Skin commensal,Cutibacterium
frequency,0.9,Duncaniella,Frequency,4695,20,4840,97.00413223140495,2.9958677685950477,Representative contaminant,Duncaniella
frequency,0.9,Lactobacillus,Frequency,23489,9,23580,99.61407972858355,0.38592027141645247,Representative contaminant,Lactobacillus
frequency,0.9,Lawsonella,Frequency,138490,2,138786,99.78672200366032,0.21327799633968425,Skin commensal,Lawsonella
frequency,0.9,Lepagella,Frequency,10927,14,11084,98.58354384698664,1.4164561530133568,Representative contaminant,Lepagella
prevalence,0.01,Corynebacterium,Prevalence,0,0,157461,0,100,Skin commensal,Corynebacterium
prevalence,0.01,Cutibacterium,Prevalence,0,0,608364,0,100,Skin commensal,Cutibacterium
prevalence,0.01,Duncaniella,Prevalence,316,4,4840,6.528925619834711,93.47107438016529,Representative contaminant,Duncaniella
prevalence,0.01,Lactobacillus,Prevalence,0,0,23580,0,100,Representative contaminant,Lactobacillus
prevalence,0.01,Lawsonella,Prevalence,0,0,138786,0,100,Skin commensal,Lawsonella
prevalence,0.01,Lepagella,Prevalence,4,3,11084,0.03608805485384338,99.96391194514615,Representative contaminant,Lepagella
prevalence,0.05,Corynebacterium,Prevalence,0,0,157461,0,100,Skin commensal,Corynebacterium
prevalence,0.05,Cutibacterium,Prevalence,0,0,608364,0,100,Skin commensal,Cutibacterium
prevalence,0.05,Duncaniella,Prevalence,595,6,4840,12.293388429752065,87.70661157024793,Representative contaminant,Duncaniella
prevalence,0.05,Lactobacillus,Prevalence,0,0,23580,0,100,Representative contaminant,Lactobacillus
prevalence,0.05,Lawsonella,Prevalence,0,0,138786,0,100,Skin commensal,Lawsonella
prevalence,0.05,Lepagella,Prevalence,3847,6,11084,34.707686755683866,65.29231324431613,Representative contaminant,Lepagella
prevalence,0.1,Corynebacterium,Prevalence,56,1,157461,0.0355643619689955,99.964435638031,Skin commensal,Corynebacterium
prevalence,0.1,Cutibacterium,Prevalence,0,0,608364,0,100,Skin commensal,Cutibacterium
prevalence,0.1,Duncaniella,Prevalence,2065,8,4840,42.66528925619835,57.33471074380165,Representative contaminant,Duncaniella
prevalence,0.1,Lactobacillus,Prevalence,655,2,23580,2.7777777777777777,97.22222222222223,Representative contaminant,Lactobacillus
prevalence,0.1,Lawsonella,Prevalence,0,0,138786,0,100,Skin commensal,Lawsonella
prevalence,0.1,Lepagella,Prevalence,3921,8,11084,35.37531577047997,64.62468422952003,Representative contaminant,Lepagella
prevalence,0.2,Corynebacterium,Prevalence,97051,2,157461,61.63494452594611,38.36505547405389,Skin commensal,Corynebacterium
prevalence,0.2,Cutibacterium,Prevalence,0,0,608364,0,100,Skin commensal,Cutibacterium
prevalence,0.2,Duncaniella,Prevalence,3041,10,4840,62.83057851239669,37.16942148760331,Representative contaminant,Duncaniella
prevalence,0.2,Lactobacillus,Prevalence,20918,4,23580,88.71077184054283,11.289228159457167,Representative contaminant,Lactobacillus
prevalence,0.2,Lawsonella,Prevalence,0,0,138786,0,100,Skin commensal,Lawsonella
prevalence,0.2,Lepagella,Prevalence,10473,12,11084,94.48754962107543,5.512450378924569,Representative contaminant,Lepagella
prevalence,0.30000000000000004,Corynebacterium,Prevalence,97051,2,157461,61.63494452594611,38.36505547405389,Skin commensal,Corynebacterium
prevalence,0.30000000000000004,Cutibacterium,Prevalence,0,0,608364,0,100,Skin commensal,Cutibacterium
prevalence,0.30000000000000004,Duncaniella,Prevalence,3579,14,4840,73.94628099173553,26.053719008264466,Representative contaminant,Duncaniella
prevalence,0.30000000000000004,Lactobacillus,Prevalence,20918,4,23580,88.71077184054283,11.289228159457167,Representative contaminant,Lactobacillus
prevalence,0.30000000000000004,Lawsonella,Prevalence,0,0,138786,0,100,Skin commensal,Lawsonella
prevalence,0.30000000000000004,Lepagella,Prevalence,10510,13,11084,94.82136412847348,5.178635871526524,Representative contaminant,Lepagella
prevalence,0.4,Corynebacterium,Prevalence,97202,3,157461,61.73084128768394,38.26915871231606,Skin commensal,Corynebacterium
prevalence,0.4,Cutibacterium,Prevalence,0,0,608364,0,100,Skin commensal,Cutibacterium
prevalence,0.4,Duncaniella,Prevalence,3626,15,4840,74.91735537190083,25.082644628099175,Representative contaminant,Duncaniella
prevalence,0.4,Lactobacillus,Prevalence,20918,4,23580,88.71077184054283,11.289228159457167,Representative contaminant,Lactobacillus
prevalence,0.4,Lawsonella,Prevalence,124331,1,138786,89.58468433415474,10.415315665845256,Skin commensal,Lawsonella
prevalence,0.4,Lepagella,Prevalence,10510,13,11084,94.82136412847348,5.178635871526524,Representative contaminant,Lepagella
prevalence,0.5,Corynebacterium,Prevalence,107002,4,157461,67.95460463225815,32.04539536774185,Skin commensal,Corynebacterium
prevalence,0.5,Cutibacterium,Prevalence,0,0,608364,0,100,Skin commensal,Cutibacterium
prevalence,0.5,Duncaniella,Prevalence,4004,16,4840,82.72727272727273,17.272727272727266,Representative contaminant,Duncaniella
prevalence,0.5,Lactobacillus,Prevalence,20918,4,23580,88.71077184054283,11.289228159457167,Representative contaminant,Lactobacillus
prevalence,0.5,Lawsonella,Prevalence,124331,1,138786,89.58468433415474,10.415315665845256,Skin commensal,Lawsonella
prevalence,0.5,Lepagella,Prevalence,10510,13,11084,94.82136412847348,5.178635871526524,Representative contaminant,Lepagella
prevalence,0.6,Corynebacterium,Prevalence,107002,4,157461,67.95460463225815,32.04539536774185,Skin commensal,Corynebacterium
prevalence,0.6,Cutibacterium,Prevalence,566082,1,608364,93.04988460855672,6.950115391443276,Skin commensal,Cutibacterium
prevalence,0.6,Duncaniella,Prevalence,4004,16,4840,82.72727272727273,17.272727272727266,Representative contaminant,Duncaniella
prevalence,0.6,Lactobacillus,Prevalence,20918,4,23580,88.71077184054283,11.289228159457167,Representative contaminant,Lactobacillus
prevalence,0.6,Lawsonella,Prevalence,124331,1,138786,89.58468433415474,10.415315665845256,Skin commensal,Lawsonella
prevalence,0.6,Lepagella,Prevalence,10927,14,11084,98.58354384698664,1.4164561530133568,Representative contaminant,Lepagella
prevalence,0.7000000000000001,Corynebacterium,Prevalence,111030,25,157461,70.5126983824566,29.487301617543395,Skin commensal,Corynebacterium
prevalence,0.7000000000000001,Cutibacterium,Prevalence,566263,3,608364,93.0796365333912,6.920363466608805,Skin commensal,Cutibacterium
prevalence,0.7000000000000001,Duncaniella,Prevalence,4414,20,4840,91.19834710743801,8.80165289256199,Representative contaminant,Duncaniella
prevalence,0.7000000000000001,Lactobacillus,Prevalence,21035,6,23580,89.2069550466497,10.793044953350304,Representative contaminant,Lactobacillus
prevalence,0.7000000000000001,Lawsonella,Prevalence,124331,1,138786,89.58468433415474,10.415315665845256,Skin commensal,Lawsonella
prevalence,0.7000000000000001,Lepagella,Prevalence,10927,14,11084,98.58354384698664,1.4164561530133568,Representative contaminant,Lepagella
prevalence,0.8,Corynebacterium,Prevalence,136488,39,157461,86.68051136471888,13.319488635281118,Skin commensal,Corynebacterium
prevalence,0.8,Cutibacterium,Prevalence,606006,4,608364,99.6124031007752,0.38759689922480334,Skin commensal,Cutibacterium
prevalence,0.8,Duncaniella,Prevalence,4730,21,4840,97.72727272727273,2.2727272727272663,Representative contaminant,Duncaniella
prevalence,0.8,Lactobacillus,Prevalence,21136,7,23580,89.63528413910093,10.364715860899068,Representative contaminant,Lactobacillus
prevalence,0.8,Lawsonella,Prevalence,138490,2,138786,99.78672200366032,0.21327799633968425,Skin commensal,Lawsonella
prevalence,0.8,Lepagella,Prevalence,10927,14,11084,98.58354384698664,1.4164561530133568,Representative contaminant,Lepagella
prevalence,0.9,Corynebacterium,Prevalence,150902,51,157461,95.8345241043814,4.165475895618599,Skin commensal,Corynebacterium
prevalence,0.9,Cutibacterium,Prevalence,608283,5,608364,99.98668560269839,0.013314397301613212,Skin commensal,Cutibacterium
prevalence,0.9,Duncaniella,Prevalence,4730,21,4840,97.72727272727273,2.2727272727272663,Representative contaminant,Duncaniella
prevalence,0.9,Lactobacillus,Prevalence,23489,9,23580,99.61407972858355,0.38592027141645247,Representative contaminant,Lactobacillus
prevalence,0.9,Lawsonella,Prevalence,138490,2,138786,99.78672200366032,0.21327799633968425,Skin commensal,Lawsonella
prevalence,0.9,Lepagella,Prevalence,10927,14,11084,98.58354384698664,1.4164561530133568,Representative contaminant,Lepagella
