method,method_definition,threshold,biological_reads_retained_pct
frequency,Frequency,0.01,99.88646692504452
frequency,Frequency,0.05,99.17403722552582
frequency,Frequency,0.1,98.40160684056085
frequency,Frequency,0.2,96.70189313506236
frequency,Frequency,0.30000000000000004,92.04631299890956
frequency,Frequency,0.4,83.49223297643465
frequency,Frequency,0.5,69.14680763046529
frequency,Frequency,0.6,60.98116326027216
frequency,Frequency,0.7000000000000001,52.896227776697046
frequency,Frequency,0.8,49.67240977330554
frequency,Frequency,0.9,41.61677470490813
prevalence,Prevalence,0.01,99.79369032212597
prevalence,Prevalence,0.05,98.12984186947268
prevalence,Prevalence,0.1,97.43961676794699
prevalence,Prevalence,0.2,89.71434750099317
prevalence,Prevalence,0.30000000000000004,87.36621126323406
prevalence,Prevalence,0.4,77.18463074960309
prevalence,Prevalence,0.5,73.3468556117053
prevalence,Prevalence,0.6,27.61122452082719
prevalence,Prevalence,0.7000000000000001,22.083003683549723
prevalence,Prevalence,0.8,13.685803972981832
prevalence,Prevalence,0.9,6.374843542058163
