batch_mode,batch_definition,control_scenario,control_definition,method,method_definition,threshold,contaminant_features,retained_features,retained_samples,zero_read_samples,biological_reads_retained_pct,control_reads_retained_pct,overall_reads_retained_pct,biological_features_retained_pct,control_features_retained_pct,overall_features_retained_pct,control_reads_removed_pct,true_reads_lost_pct,control_gain_scaled,true_loss_scaled,balance_index,additional_control_removed,additional_true_loss,gain_per_true_loss
cycle_batch,Cycle aware,air_swab_only,Air Swab only,frequency,Frequency,0.01,8,4368,60,0,99.82289419557327,97.32233009708737,99.76223928392953,99.807182453603275,99.4535519125683,99.81718464351006,2.6776699029126263,0.17710580442673063,0,0,0,NA,NA,NA
cycle_batch,Cycle aware,air_swab_only,Air Swab only,frequency,Frequency,0.05,43,4333,60,0,99.51555359683111,92.60388349514564,99.34790073019104,98.96360568811762,97.44990892531877,99.01736745886654,7.396116504854362,0.48444640316888865,0.0618273414243186,0.003153480442923591,0.05867386098139501,4.718446601941736,0.307340598742158,15.352500194418683
cycle_batch,Cycle aware,air_swab_only,Air Swab only,frequency,Frequency,0.1,81,4295,60,0,99.11147818422383,90.673786407767,98.90680938589628,98.0477223427332,93.98907103825137,98.1489945155393,9.326213592233003,0.8885218157761727,0.08711803170241443,0.0072995122927293245,0.07981851940968511,1.9300970873786412,0.4040754126072841,4.776576419051953
cycle_batch,Cycle aware,air_swab_only,Air Swab only,frequency,Frequency,0.2,168,4208,60,0,96.72178073152566,80.06019417475729,96.31762909987692,95.95083152566883,84.8816029143898,96.16087751371116,19.939805825242715,3.278219268474345,0.2261913848815611,0.03181909809567815,0.19437228678588295,10.613592233009712,2.3896974526981722,4.441395801391536
cycle_batch,Cycle aware,air_swab_only,Air Swab only,frequency,Frequency,0.3,293,4083,60,0,93.11865026937556,68.8,92.5287651373459,92.96215955651964,73.22404371584699,93.30438756855575,31.200000000000003,6.881349730624436,0.3737373737373737,0.06878916157637367,0.30494821216100004,11.260194174757288,3.603130462150091,3.1251142008435657
cycle_batch,Cycle aware,air_swab_only,Air Swab only,frequency,Frequency,0.4,409,3967,60,0,85.76579072745642,54.7747572815534,85.01405699003789,90.16630513376717,66.66666666666667,90.65356489945155,45.2252427184466,14.23420927254358,0.5575146935348446,0.1442334694872164,0.41328122404762824,14.025242718446599,7.352859541919145,1.9074541868354415
cycle_batch,Cycle aware,air_swab_only,Air Swab only,frequency,Frequency,0.5,740,3636,60,0,68.60964944249564,39.80194174757282,67.91087552746095,82.18847915160279,56.64845173041894,83.08957952468008,60.19805825242718,31.390350557504362,0.75370836831794,0.3202647398093846,0.4334436285085554,14.97281553398058,17.156141284960782,0.8727379476121403
cycle_batch,Cycle aware,air_swab_only,Air Swab only,frequency,Frequency,0.6,997,3379,60,0,56.43115150631648,36.69514563106796,55.95242524879389,76.04241986020727,51.7304189435337,77.21663619744058,63.30485436893204,43.56884849368352,0.794417728926545,0.4452227024837063,0.34919502644283873,3.10679611650486,12.178497936179156,0.25510503288549036
cycle_batch,Cycle aware,air_swab_only,Air Swab only,frequency,Frequency,0.7,1101,3275,60,0,37.9590981650796,32.05825242718446,37.815964350964585,73.53579175704989,47.90528233151184,74.8400365630713,67.94174757281553,62.0409018349204,0.8551764496348878,0.6347559408213511,0.2204205088135367,4.6368932038834885,18.47205334123688,0.251022077417464
cycle_batch,Cycle aware,air_swab_only,Air Swab only,frequency,Frequency,0.8,1161,3215,60,0,2.484549702820418,21.49514563106796,2.9456800601749387,72.08966015907447,45.90163934426229,73.46892138939671,78.50485436893204,97.51545029717958,0.9935882757041448,0.9987439569022688,-0.00515568119812404,10.563106796116514,35.474548462259186,0.29776578572534723
cycle_batch,Cycle aware,air_swab_only,Air Swab only,frequency,Frequency,0.9,1199,3177,60,0,2.3621347886677384,21.005825242718448,2.8143653065290466,71.17377681369004,44.26229508196721,72.60054844606947,78.99417475728156,97.63786521133227,1,1,0,0.48932038834951186,0.12241491415268513,3.9972285381762758
cycle_batch,Cycle aware,air_swab_only,Air Swab only,prevalence,Prevalence,0.01,10,4366,60,0,99.9865806994738,97.93398058252427,99.93679182231249,99.85538684020246,98.17850637522768,99.77148080438756,2.0660194174757294,0.013419300526194888,0,0,0,NA,NA,NA
cycle_batch,Cycle aware,air_swab_only,Air Swab only,prevalence,Prevalence,0.05,27,4349,60,0,99.70395478371515,95.9009708737864,99.61170773706716,99.44564955410942,95.08196721311475,99.38299817184644,4.099029126213594,0.2960452162848526,0.026286718553853887,0.002956666032073453,0.023330052521780435,2.0330097087378647,0.2826259157586577,7.193288355318093
cycle_batch,Cycle aware,air_swab_only,Air Swab only,prevalence,Prevalence,0.1,92,4284,60,0,99.00243429973214,84.44660194174757,98.64936087677562,97.87900698963605,83.24225865209472,97.89762340036563,15.553398058252426,0.997565700267856,0.17439116244037156,0.010295560557115738,0.16409560188325584,11.454368932038832,0.7015204839830034,16.327917991795022
cycle_batch,Cycle aware,air_swab_only,Air Swab only,prevalence,Prevalence,0.2,181,4195,60,0,95.73710335226677,64.73398058252427,94.98507637026805,95.73391178597252,67.03096539162112,95.86380255941499,35.26601941747573,4.262896647733228,0.42927441626914387,0.0444555315913833,0.38481888467776054,19.712621359223306,3.2653309474653724,6.036944394418799
cycle_batch,Cycle aware,air_swab_only,Air Swab only,prevalence,Prevalence,0.3,219,4157,60,0,93.37072072746125,56.03883495145631,92.4651801597914,94.8180284405881,60.10928961748634,94.99542961608775,43.96116504854369,6.629279272538753,0.5417022344966106,0.06921123421996288,0.4724910002766477,8.695145631067959,2.3663826248055244,3.6744461947621634
cycle_batch,Cycle aware,air_swab_only,Air Swab only,prevalence,Prevalence,0.4,249,4127,60,0,76.53891138579378,42.06019417475728,75.70257867698973,94.09496264160039,54.6448087431694,94.30987202925046,57.93980582524272,23.46108861420622,0.7224453929199096,0.2452957196262533,0.4771496732936563,13.97864077669903,16.831809341667466,0.8304894912334017
cycle_batch,Cycle aware,air_swab_only,Air Swab only,prevalence,Prevalence,0.5,268,4108,60,0,66.26199591338855,34.29902912621359,65.48668648319968,93.63702096890817,51.183970856102,93.87568555758683,65.70097087378642,33.738004086611454,0.8227968867687674,0.35280676230677527,0.4699901244619921,7.761165048543695,10.276915472405236,0.7552037446822799
cycle_batch,Cycle aware,air_swab_only,Air Swab only,prevalence,Prevalence,0.6,891,3485,60,0,24.804852959703965,21.867961165048545,24.733614269034163,78.62135454326344,46.63023679417122,79.63893967093236,78.13203883495146,75.19514704029604,0.9835300025106704,0.7865069982845783,0.1970230042260921,12.431067961165041,41.45714295368458,0.2998534649397543
cycle_batch,Cycle aware,air_swab_only,Air Swab only,prevalence,Prevalence,0.7,1143,3233,60,0,13.99671661574895,21.145631067961165,14.170124197946159,72.54760183176668,44.626593806921676,73.88025594149909,78.85436893203884,86.00328338425105,0.9928696962088878,0.8995753611500648,0.09329433505882301,0.7223300970873794,10.808136343955013,0.06683206744439141
cycle_batch,Cycle aware,air_swab_only,Air Swab only,prevalence,Prevalence,0.8,1202,3174,60,0,11.047318481031722,21.071844660194174,11.290478314461154,71.12557242709086,44.080145719489984,72.53199268738574,78.92815533980583,88.95268151896828,0.9938237509415013,0.9304302289939104,0.06339352194759096,0.0737864077669883,2.949398134717228,0.02501744572848675
cycle_batch,Cycle aware,air_swab_only,Air Swab only,prevalence,Prevalence,0.9,1228,3148,60,0,4.397186194725635,20.594174757281554,4.790068309105887,70.49891540130152,43.35154826958106,71.93784277879342,79.40582524271845,95.60281380527437,1,1,0,0.47766990291262346,6.650132286306089,0.07182863172455055
cycle_batch,Cycle aware,prep_and_air_swab,Prep control + Air Swab,frequency,Frequency,0.01,9,4562,69,0,99.88646692504452,96.38486565044343,99.69307876656885,99.807182453603275,99.59058341862846,99.80310654123824,3.6151343495565698,0.11353307495548393,0,0,0,NA,NA,NA
cycle_batch,Cycle aware,prep_and_air_swab,Prep control + Air Swab,frequency,Frequency,0.05,57,4514,69,0,99.17403722552582,86.8705719145844,98.49453538829185,98.65027717522294,96.11054247697032,98.75300809450886,13.129428085415597,0.8259627744741778,0.12520782847766318,0.012226419470815361,0.11298140900684782,9.514293735859027,0.7124296995186938,13.354712390972376
cycle_batch,Cycle aware,prep_and_air_swab,Prep control + Air Swab,frequency,Frequency,0.1,101,4470,69,0,98.40160684056085,82.9474327426467,97.54809610784656,97.662087249939745,92.83520982599795,97.7904178516736,17.052567257353303,1.598393159439155,0.17683622572617716,0.025482545520817846,0.1513536802053593,3.923139171937706,0.7724303849649772,5.078955007855607
cycle_batch,Cycle aware,prep_and_air_swab,Prep control + Air Swab,frequency,Frequency,0.2,189,4382,69,0,96.70189313506236,73.65609155918152,95.4291082638428,95.5651964328754,85.77277379733879,95.86523736600306,26.34390844081848,3.298106864937637,0.2991100051074188,0.054652318703712885,0.2444576864037059,9.291341183465178,1.6997137054984819,5.466415404787401
cycle_batch,Cycle aware,prep_and_air_swab,Prep control + Air Swab,frequency,Frequency,0.3,311,4260,69,0,92.04631299890956,59.73394328747667,90.26174954224044,92.69703543022415,78.09621289662232,93.19623714723255,40.26605671252333,7.953687001090444,0.48232507090618654,0.134549430886227,0.34777564001995953,13.922148271704849,4.655580136152807,2.9904217873069583
cycle_batch,Cycle aware,prep_and_air_swab,Prep control + Air Swab,frequency,Frequency,0.4,440,4131,69,0,83.49223297643465,45.892718534788855,81.41566848858395,89.61195468787659,71.34083930399181,90.37409757164734,54.107281465211145,16.50776702356535,0.6644751855514383,0.28135096177742425,0.383124223774014,13.841224752687815,8.554080022474906,1.6180845533735382
cycle_batch,Cycle aware,prep_and_air_swab,Prep control + Air Swab,frequency,Frequency,0.5,760,3811,69,0,69.14680763046529,33.381777344717676,67.17155893640164,81.99566160520607,62.12896622313204,83.37344126011814,66.61822265528232,30.85319236953471,0.8291188072547081,0.5275411302748645,0.3015776769798436,12.510941190071179,14.34542534596936,0.8721206160392019
cycle_batch,Cycle aware,prep_and_air_swab,Prep control + Air Swab,frequency,Frequency,0.6,1026,3545,69,0,60.98116326027216,29.308351637462636,59.23192163247437,75.60858038081466,55.98771750255885,77.55414570115948,70.69164836253736,39.01883673972784,0.8827249709311803,0.6676764915419918,0.21504847938918847,4.073425707255041,8.165644370193128,0.49884926682873637
cycle_batch,Cycle aware,prep_and_air_swab,Prep control + Air Swab,frequency,Frequency,0.7,1142,3429,69,0,52.896227776697046,26.84431305841357,51.45741980941696,72.93323692456013,51.893551688843395,75.01640778823014,73.15568694158642,47.103772223302954,0.9151516468708909,0.8064267607733983,0.10872488609749265,2.4640385790490598,8.084935483575116,0.3047691084307175
cycle_batch,Cycle aware,prep_and_air_swab,Prep control + Air Swab,frequency,Frequency,0.8,1209,3362,69,0,49.67240977330554,23.909596868755266,48.24956846327321,71.43890093998554,49.12998976458547,73.55064537300372,76.09040313124473,50.32759022669446,0.9537724264586026,0.8617525721954371,0.0920198542631655,2.934716189658303,3.223818003391507,0.910323159238808
cycle_batch,Cycle aware,prep_and_air_swab,Prep control + Air Swab,frequency,Frequency,0.9,1273,3298,69,0,41.61677470490813,20.396855543261054,40.444830566253714,70.01687153530972,45.24053224155578,72.15051411069788,79.60314445673895,58.38322529509187,1,1,0,3.5127413254942184,8.055635068397407,0.4360601362485807
cycle_batch,Cycle aware,prep_and_air_swab,Prep control + Air Swab,prevalence,Prevalence,0.01,52,4519,69,0,99.79369032212597,88.80282736866444,99.1866815338765,99.06001446131597,94.6775844421699,98.8623933493765,11.197172631335562,0.20630967787403165,0,0,0,NA,NA,NA
cycle_batch,Cycle aware,prep_and_air_swab,Prep control + Air Swab,prevalence,Prevalence,0.05,129,4442,69,0,98.12984186947268,76.49254347574772,96.93484650517958,97.68618944323933,86.79631525076766,97.17786042441479,23.507456524252277,1.8701581305273152,0.16519840874084415,0.017810629332327493,0.14738777940851666,12.310283892916715,1.6638484526532835,7.39868097559361
cycle_batch,Cycle aware,prep_and_air_swab,Prep control + Air Swab,prevalence,Prevalence,0.1,190,4381,69,0,97.43961676794699,69.77589139733448,95.91179092872176,96.21595565196432,80.55271238485159,95.84336031502953,30.224108602665524,2.560383232053013,0.25533282359850634,0.02519912881948844,0.2301336947790179,6.716652078413247,0.6902251015256979,9.731103756682455
cycle_batch,Cycle aware,prep_and_air_swab,Prep control + Air Swab,prevalence,Prevalence,0.2,273,4298,69,0,89.71434750099317,45.45011643077736,87.26970076319864,94.21547360809834,72.05731832139202,94.02756508422665,54.54988356922264,10.28565249900683,0.5817736555743935,0.10789410454682859,0.47387955102756496,24.325774966557113,7.725269266953816,3.148857874846492
cycle_batch,Cycle aware,prep_and_air_swab,Prep control + Air Swab,prevalence,Prevalence,0.3,363,4208,69,0,87.36621126323406,37.85238889531139,84.63163751370999,92.04627621113521,62.84544524053224,92.05863049660906,62.14761110468861,12.633788736765936,0.6837317021818866,0.13302967749269495,0.5507020246891916,7.597727535465971,2.348136237759107,3.2356417031052245
cycle_batch,Cycle aware,prep_and_air_swab,Prep control + Air Swab,prevalence,Prevalence,0.4,417,4154,69,0,77.18463074960309,30.385129890505524,74.59996488419766,90.74475777295734,57.31832139201638,90.8772697440385,69.61487010949448,22.815369250396913,0.7839389204702858,0.242018183180429,0.5419207372898568,7.467259004805868,10.181580513630976,0.7334086289264021
cycle_batch,Cycle aware,prep_and_air_swab,Prep control + Air Swab,prevalence,Prevalence,0.5,447,4124,69,0,73.3468556117053,27.995408828921075,70.84216358947347,90.02169197396964,54.247697031729786,90.22095821483263,72.00459117107893,26.653144388294706,0.8160078898086278,0.2830995631179582,0.5329083266906696,2.389721061584453,3.8377751378977933,0.6226839707168105
cycle_batch,Cycle aware,prep_and_air_swab,Prep control + Air Swab,prevalence,Prevalence,0.6,464,4107,69,0,27.61122452082719,21.153242721012038,27.254559923748545,89.61195468787659,52.50767656090072,89.84904834828265,78.84675727898797,72.388775479172807,0.907826645834026,0.7726756247723227,0.1351510210617033,6.842166107909037,45.7356310908781,0.14960252968442575
cycle_batch,Cycle aware,prep_and_air_swab,Prep control + Air Swab,prevalence,Prevalence,0.7,915,3656,69,0,22.083003683549723,17.61572888969629,21.836282832705127,78.74186550976138,48.20880245649949,79.98249835922118,82.38427111030371,77.91699631645028,0.9552984719036379,0.8318523436874291,0.12344612821620882,3.5375138313157493,5.528220837277473,0.6399009618902809
cycle_batch,Cycle aware,prep_and_air_swab,Prep control + Air Swab,prevalence,Prevalence,0.8,1110,3461,69,0,13.685803972981832,15.680170434840052,13.7959498254471,74.04193781634129,45.34288638689867,75.71647341938306,84.31982956515995,86.31419602701817,0.98127278570083,0.9217399841368673,0.05953280156396268,1.9355584548562348,8.39719971056789,0.23050046700929733
cycle_batch,Cycle aware,prep_and_air_swab,Prep control + Air Swab,prevalence,Prevalence,0.9,1280,3291,69,0,6.374843542058163,14.284652606893363,6.811690369833245,69.94456495541094,43.602865916069604,71.99737475388318,85.71534739310664,93.62515645794184,1,1,0,1.3955178279466907,7.3109604309236715,0.19088023264959458
cycle_batch,Cycle aware,prep_control_only,Prep control only,frequency,Frequency,0.01,7,4366,64,0,99.91996690549482,99.82328094020286,99.91682409065754,99.83128464690287,99.70104633781764,99.83992682369083,0.17671905979713642,0.08003309450518259,0,0,0,NA,NA,NA
cycle_batch,Cycle aware,prep_control_only,Prep control only,frequency,Frequency,0.05,51,4322,64,0,98.95850781239818,84.93434096721359,98.50264682462773,98.7707881417209,95.3662182361734,98.83375257260462,15.065659032786414,1.0414921876018184,0.1774668630338733,0.014702343605831291,0.16276451942804201,14.888939972989277,0.9614590930966358,15.485775817081796
cycle_batch,Cycle aware,prep_control_only,Prep control only,frequency,Frequency,0.1,86,4287,64,0,98.25505649380709,82.60825838337979,97.74645124682137,97.92721137623523,92.37668161434978,98.03338669105877,17.39174161662021,1.7449435061929108,0.2051923142788642,0.025459309835763062,0.17973300444310114,2.326082583833795,0.7034513185910924,3.3066717232012444
cycle_batch,Cycle aware,prep_control_only,Prep control only,frequency,Frequency,0.2,161,4212,64,0,96.90405151852902,71.20485043533232,96.06868901036546,96.11954687876597,84.90284005979073,96.31831694488909,28.795149564667682,3.095948481470984,0.3411138130629859,0.04611847204281228,0.2949953410201736,11.403407948047473,1.351004975278073,8.440685383634762
cycle_batch,Cycle aware,prep_control_only,Prep control only,frequency,Frequency,0.3,274,4099,64,0,93.28368835750175,55.054452458262695,92.04103220322756,93.39599903591227,76.08370702541106,93.73427852732678,44.945547541737305,6.716311642498255,0.5336164674452855,0.10147997785569303,0.43213648958959244,16.150397977069623,3.620363161027271,4.460988375676373
cycle_batch,Cycle aware,prep_control_only,Prep control only,frequency,Frequency,0.4,414,3959,64,0,84.22710862827235,36.10959455188069,82.66303015301845,90.0698963605688,66.21823617339312,90.53281500114338,63.89040544811931,15.772891371727653,0.7594273384251806,0.239970474257243,0.5194568641679376,18.944857906382005,9.056579729229398,2.0918336141003615
cycle_batch,Cycle aware,prep_control_only,Prep control only,frequency,Frequency,0.5,731,3642,64,0,69.87719409183919,28.29229045142381,68.52546065489938,82.57411424439624,57.10014947683109,83.28378687399955,71.70770954857619,30.122805908160814,0.852604719662979,0.45940505628344713,0.3931996633795319,7.81730410045688,14.349914536433161,0.5447631120456807
cycle_batch,Cycle aware,prep_control_only,Prep control only,frequency,Frequency,0.6,1000,3373,64,0,52.425973007897596,22.755093244447,51.46150954234569,76.09062424680646,49.327354260089685,77.1324033844043,77.244906755553,47.574026992102404,0.9186046511627907,0.7262638863258905,0.1923407648369002,5.537197206976813,17.45122108394159,0.3172956883843548
cycle_batch,Cycle aware,prep_control_only,Prep control only,frequency,Frequency,0.7,1118,3255,64,0,37.53750042840393,20.62297060429298,36.98768706990559,73.2706676307544,44.69357249626308,74.434026983764,79.37702939570701,62.46249957159607,0.9440182210501078,0.9539339361505814,-0.009915715100473621,2.1321226401540088,14.888472579493666,0.14320627107784342
cycle_batch,Cycle aware,prep_control_only,Prep control only,frequency,Frequency,0.8,1188,3185,64,0,34.863632392260634,16.641763167725067,34.27132345901567,71.70402506628103,40.95665171898356,72.83329522067231,83.35823683227494,65.13636760773937,0.991471726547248,0.9948219228639973,-0.0033501963167492654,3.981207436567928,2.673868036143304,1.4889319079150538
cycle_batch,Cycle aware,prep_control_only,Prep control only,frequency,Frequency,0.9,1236,3137,64,0,34.52501227286748,15.926266486595212,33.92045282067208,70.5712219812003,37.81763826606876,71.73565058312371,84.07373351340479,65.47498772713251,1,1,0,0.7154966811298493,0.3386201193931413,2.1129774639856844
cycle_batch,Cycle aware,prep_control_only,Prep control only,prevalence,Prevalence,0.01,47,4326,64,0,99.86001449091373,88.44860779862648,99.48908228624002,99.30103639431188,92.9745889387145,98.925222959067,11.551392201373517,0.13998550908627294,0,0,0,NA,NA,NA
cycle_batch,Cycle aware,prep_control_only,Prep control only,prevalence,Prevalence,0.05,104,4269,64,0,99.21666039949933,75.572541018936235,98.44809911990454,97.92721137623523,84.45440956651719,97.62176995197805,24.427458981063765,0.7833396005006676,0.16960956868979363,0.0068067372807778664,0.16280283140901575,12.876066779690248,0.6433540914143947,20.01396579507655
cycle_batch,Cycle aware,prep_control_only,Prep control only,prevalence,Prevalence,0.1,147,4226,64,0,97.3126161216001,63.36024826872791,96.2089812235405,96.89081706435286,78.02690582959642,96.63846329750743,36.63975173127209,2.687383878399899,0.3304755956774353,0.026951676659550724,0.30352391901788456,12.212292750208327,1.9040442778992315,6.413870145752274
cycle_batch,Cycle aware,prep_control_only,Prep control only,prevalence,Prevalence,0.2,248,4125,64,0,96.15845973461644,45.43403925174564,94.50964275456569,94.45649554109424,62.92974588938714,94.32883603933226,54.56596074825436,3.841540265383557,0.5666079978803535,0.039162742714727715,0.5274452551656258,17.92620901698227,1.154156386983658,15.531871780246096
cycle_batch,Cycle aware,prep_control_only,Prep control only,prevalence,Prevalence,0.3,340,4033,64,0,81.10393537882733,24.947558978190283,79.27855056287346,92.23909375753193,49.17787742899851,92.22501715069747,75.05244102180971,18.89606462117267,0.8364654895058573,0.19844080365259492,0.6380246858532623,20.48648027355535,15.054524355789113,1.3608188335540086
cycle_batch,Cycle aware,prep_control_only,Prep control only,prevalence,Prevalence,0.4,363,4010,64,0,71.24509386993802,19.854314531191633,69.57461663658292,91.68474331164136,45.73991031390135,91.69906242853877,80.14568546880837,28.754906130061983,0.9035560854671738,0.3027481282493896,0.6008079572177842,5.0932444469986535,9.858841508889313,0.51661693135104
cycle_batch,Cycle aware,prep_control_only,Prep control only,prevalence,Prevalence,0.5,379,3994,64,0,62.99092073296413,18.031091060601707,61.529484015140724,91.29910821884792,43.34828101644245,91.33318088268923,81.96890893939829,37.00907926703587,0.9275724370256817,0.3900779342818912,0.5374945027437905,1.823223470589923,8.25417313697389,0.22088505297071412
cycle_batch,Cycle aware,prep_control_only,Prep control only,prevalence,Prevalence,0.6,395,3978,64,0,26.4520962347277,14.828596879400017,26.074269875703155,90.91347312605447,40.95665171898356,90.9672993368397,85.17140312059999,73.5479037652723,0.9697571869263234,0.776661593618173,0.1930955933081504,3.2024941812017005,36.53882449823642,0.08764633852291202
cycle_batch,Cycle aware,prep_control_only,Prep control only,prevalence,Prevalence,0.7,988,3385,64,0,16.255793107210074,12.98238556363323,16.149389724202507,76.62087249939745,36.47234678624813,77.40681454379144,87.01761443636677,83.74420689278992,0.9940763451238668,0.8845392888879808,0.10953705623588594,1.84621131576678,10.196303127517623,0.18106673494084868
cycle_batch,Cycle aware,prep_control_only,Prep control only,prevalence,Prevalence,0.8,1179,3194,64,0,10.354245398459097,12.863136116778254,10.43579786526063,72.0173535791757,35.57548579970105,73.03910359021266,87.13686388322175,89.6457546015409,0.9956471545638638,0.9469781314157891,0.04866902314807464,0.11924944685497962,5.901547708750982,0.02020647002110195
cycle_batch,Cycle aware,prep_control_only,Prep control only,prevalence,Prevalence,0.9,1254,3119,64,0,5.342764173170764,12.532685842360852,5.576475368302086,70.20968908170643,35.1270553064275,71.32403384404299,87.46731415763915,94.65723582682924,1,1,0,0.3304502744174016,5.011481225288335,0.06593864359900684
pooled,Pooled,air_swab_only,Air Swab only,frequency,Frequency,0.01,3,4373,60,0,99.99073199388118,100,99.99095680319225,99.92769342010124,100,99.93144424131627,0,0.009268006118816174,0,0,0,NA,NA,NA
pooled,Pooled,air_swab_only,Air Swab only,frequency,Frequency,0.05,32,4344,60,0,99.68377756206064,92.89708737864078,99.51915626973783,99.22872981441311,97.81420765027322,99.26873857404021,7.1029126213592235,0.3162224379393592,0.10354686217340844,0.005879557373532703,0.09766730479987575,7.1029126213592235,0.30695443182054305,23.139957873329713
pooled,Pooled,air_swab_only,Air Swab only,frequency,Frequency,0.1,57,4319,60,0,99.52989004379616,91.93398058252427,99.34563993098911,98.62617498192336,95.62841530054645,98.69744058500915,8.06601941747573,0.4701099562038422,0.11758711467149775,0.008827195195017436,0.10875991947648031,0.9631067961165058,0.153887518264483,6.258511456798179
pooled,Pooled,air_swab_only,Air Swab only,frequency,Frequency,0.2,146,4230,60,0,98.50896124477046,85.58058252427185,98.19536413703646,96.48107977825983,89.98178506375228,96.66361974405851,14.419417475728153,1.491038755229539,0.21020749002179634,0.028382571582848088,0.18182491843894824,6.353398058252424,1.0209287990256968,6.223154900043631
pooled,Pooled,air_swab_only,Air Swab only,frequency,Frequency,0.3,281,4095,60,0,96.57185142420774,76.71650485436894,96.09023038014868,93.25138587611472,80.14571948998179,93.57861060329067,23.283495145631065,3.428148575792264,0.33942876553344464,0.0654869334950775,0.27394183203836714,8.864077669902912,1.9371098205627248,4.575929343710581
pooled,Pooled,air_swab_only,Air Swab only,frequency,Frequency,0.4,420,3956,60,0,94.1716791937607,70.65631067961165,93.60127885874856,89.90118100747168,73.77049180327869,90.40219378427788,29.34368932038835,5.828320806239304,0.42777478982081696,0.1114610223902126,0.31631376743060435,6.060194174757285,2.4001722304470405,2.5248997125629407
pooled,Pooled,air_swab_only,Air Swab only,frequency,Frequency,0.5,699,3677,60,0,88.74453754821656,52.945631067961166,87.87618167970787,83.176669076886,63.9344262295082,84.02650822669104,47.054368932038834,11.255462451783444,0.6859625781979789,0.2154151842181179,0.470547393979861,17.710679611650484,5.42714164554414,3.263353118154108
pooled,Pooled,air_swab_only,Air Swab only,frequency,Frequency,0.6,1012,3364,60,0,73.26967049824704,37.64271844660194,72.40548564086357,75.70498915401302,55.919854280510016,76.87385740402193,62.35728155339806,26.730329501752962,0.9090497353299177,0.5118284600534052,0.3972212752765125,15.302912621359226,15.474867049969518,0.9888881482435333
pooled,Pooled,air_swab_only,Air Swab only,frequency,Frequency,0.7,1180,3196,60,0,62.48460762785866,35.0757281553398,61.81976437762317,71.65582067968185,51.001821493624774,73.03473491773309,64.9242718446602,37.51539237214134,0.9464715373510347,0.7184109014519984,0.22806063589903636,2.5669902912621367,10.78506287038838,0.2380134749432107
pooled,Pooled,air_swab_only,Air Swab only,frequency,Frequency,0.8,1292,3084,60,0,54.9080608965927,33.33398058252427,54.38474940218346,68.95637503012775,46.81238615664845,70.47531992687385,66.66601941747572,45.0919391034073,0.9718628810824582,0.8635358339559002,0.10832704712655805,1.7417475728155267,7.576546731265957,0.22988673264930817
pooled,Pooled,air_swab_only,Air Swab only,frequency,Frequency,0.9,1370,3006,60,0,47.78366735967539,31.40388349514563,47.386351272618,67.0764039527597,43.533697632058285,68.6928702010969,68.59611650485436,52.21633264032461,1,1,0,1.9300970873786412,7.12439353691731,0.2709138788273317
pooled,Pooled,air_swab_only,Air Swab only,prevalence,Prevalence,0.01,8,4368,60,0,99.99744164414429,98.04854368932038,99.95016821759062,99.92769342010124,98.54280510018215,99.81718464351006,1.9514563106796174,0.002558355855711625,0,0,0,NA,NA,NA
pooled,Pooled,air_swab_only,Air Swab only,prevalence,Prevalence,0.05,29,4347,60,0,99.88241217236754,94.58640776699029,99.75394968685576,99.42154736080984,94.71766848816029,99.33729433272394,5.413592233009709,0.11758782763246245,0.044590606712349254,0.001409249478554058,0.043181357233795195,3.4621359223300914,0.11502947177675082,30.097816401777486
pooled,Pooled,air_swab_only,Air Swab only,prevalence,Prevalence,0.1,83,4293,60,0,98.30390660939167,76.2621359223301,97.76925058745454,98.12002892263196,84.8816029143898,98.10329067641682,23.737864077669897,1.6960933906083255,0.28059820937328056,0.02074784251178766,0.2598503668614929,18.32427184466019,1.578505562975863,11.608620377690988
pooled,Pooled,air_swab_only,Air Swab only,prevalence,Prevalence,0.2,152,4224,60,0,97.16611404571154,64.41747572815534,96.37174698077331,96.45697758496023,72.31329690346084,96.52650822669104,35.58252427184466,2.833885954288462,0.43315160306107137,0.03468717086218521,0.39846443219888616,11.844660194174764,1.1377925636801365,10.410210588706757
pooled,Pooled,air_swab_only,Air Swab only,prevalence,Prevalence,0.3,209,4167,60,0,95.10176222447593,51.93398058252427,94.05466329870386,95.08315256688358,61.93078324225865,95.22394881170018,48.06601941747573,4.898237775524066,0.5939328765067774,0.05997796532288259,0.5339549111838948,12.483495145631068,2.0643518212356042,6.047174235135537
pooled,Pooled,air_swab_only,Air Swab only,prevalence,Prevalence,0.4,232,4144,60,0,94.22637008403476,46.07961165048544,93.05849865034997,94.528802120993,57.74134790528233,94.69835466179158,53.92038834951456,5.773629915965245,0.6693342669934477,0.07070257266387178,0.5986316943295759,5.854368932038831,0.8753921404411784,6.687710183333789
pooled,Pooled,air_swab_only,Air Swab only,prevalence,Prevalence,0.5,271,4105,60,0,86.20491078820048,40.015533980582525,85.08451856516494,93.588816582309,50.63752276867031,93.8071297989031,59.984466019417475,13.795089211799521,0.7474366028109839,0.16897510365346302,0.5784614991575209,6.064077669902915,8.021459295834276,0.7559818539566892
pooled,Pooled,air_swab_only,Air Swab only,prevalence,Prevalence,0.6,671,3705,60,0,56.72010090541662,28.223300970873787,56.028868521809414,83.94793926247289,47.540983606557376,84.66636197440585,71.7766990291262,43.27989909458338,0.899314760166058,0.530199512587738,0.36911524757832004,11.792233009708731,29.484809882783857,0.39994265035414733
pooled,Pooled,air_swab_only,Air Swab only,prevalence,Prevalence,0.7,1091,3285,60,0,43.5975213876136,26.207766990291262,43.17570695897545,73.82501807664498,45.17304189435337,75.06855575868373,73.79223300970874,56.4024786123864,0.9252738458460461,0.6909669059966138,0.2343069398494323,2.015533980582532,13.122579517803025,0.15359281899173216
pooled,Pooled,air_swab_only,Air Swab only,prevalence,Prevalence,0.8,1303,3073,60,0,23.898519194668193,21.10873786407767,23.830848887710342,68.71535309713184,42.98724954462659,70.22394881170018,78.89126213592233,76.1014808053318,0.9909468313909869,0.932303392547832,0.05864343884315493,5.099029126213594,19.6990021929454,0.2588470764290618
pooled,Pooled,air_swab_only,Air Swab only,prevalence,Prevalence,0.9,1391,2985,60,0,18.372808442381242,20.405825242718446,18.42212229699083,66.59436008676789,41.89435336976321,68.21297989031079,79.59417475728155,81.62719155761876,1,1,0,0.7029126213592178,5.525710752286955,0.12720763950018552
pooled,Pooled,prep_and_air_swab,Prep control + Air Swab,frequency,Frequency,0.01,4,4567,69,0,99.99425576704094,99.98348499611897,99.99366091360372,99.92769342010124,99.79529170931423,99.91249179610588,0.016515003881025336,0.005744232959060014,0,0,0,NA,NA,NA
pooled,Pooled,prep_and_air_swab,Prep control + Air Swab,frequency,Frequency,0.05,26,4545,69,0,99.86059374129616,95.315519149147,99.6095761249028,99.39744516751024,98.77175025588537,99.43119667468825,4.6844808508530065,0.13940625870384338,0.060472828412494746,0.00302815561373464,0.05744467279876011,4.667965846971981,0.13366202574478336,34.92365031100963
pooled,Pooled,prep_and_air_swab,Prep control + Air Swab,frequency,Frequency,0.1,58,4513,69,0,99.44198879826303,85.65093887797063,98.68032990612224,98.69848156182212,96.21289662231321,98.73113104353533,14.349061122029369,0.5580112017369743,0.18567608044501507,0.012511783451331717,0.17316429699368335,9.664580271176362,0.4186049430331309,23.0875923278609
pooled,Pooled,prep_and_air_swab,Prep control + Air Swab,frequency,Frequency,0.2,142,4429,69,0,98.29396281116003,72.8509851199815,96.88878551769585,96.72210171125572,90.992835209826,96.89345876175892,27.1490148800185,1.7060371888399715,0.351497646555413,0.03852067653961316,0.3129769700157998,12.79995375798913,1.1480259871029972,11.149533113173996
pooled,Pooled,prep_and_air_swab,Prep control + Air Swab,frequency,Frequency,0.3,259,4312,69,0,97.2455196189691,67.57196412941157,95.60669389281472,93.99855386840203,84.54452405322415,94.33384379785605,32.42803587058843,2.754480381030902,0.4198866067608045,0.06227348980444386,0.35761311695636067,5.279020990569933,1.0484431921909305,5.035104457627665
pooled,Pooled,prep_and_air_swab,Prep control + Air Swab,frequency,Frequency,0.4,397,4174,69,0,94.79876600360197,60.62740499744017,92.91153326082149,90.69655338635816,78.60798362333675,91.31481076350907,39.37259500255983,5.201233996398031,0.5098523748395379,0.11770546948988318,0.39214690534965474,6.9445591319713955,2.446753615367129,2.838274801498304
pooled,Pooled,prep_and_air_swab,Prep control + Air Swab,frequency,Frequency,0.5,656,3915,69,0,90.92271206959886,51.545804363264025,88.74798483179758,84.52639190166305,71.95496417604913,85.64865456136513,48.454195636735975,9.077287930401141,0.6275032092426188,0.2055187015128749,0.42198450772974394,9.081600634176148,3.87605393400311,2.343001616800738
pooled,Pooled,prep_and_air_swab,Prep control + Air Swab,frequency,Frequency,0.6,947,3624,69,0,81.5340287877786,41.36595597099965,79.31560669389282,77.56085803808146,66.01842374616172,79.28243272806826,58.63404402900035,18.465971212221405,0.7593816859221225,0.4182223009608295,0.341159384961293,10.179848392264375,9.388683281820263,1.0842679518198342
pooled,Pooled,prep_and_air_swab,Prep control + Air Swab,frequency,Frequency,0.7,1147,3424,69,0,74.86183671607512,37.66989810242605,72.80778202663784,72.88503253796095,58.75127942681679,74.90702253336251,62.33010189757395,25.138163283924882,0.8072635857937528,0.5693829299073289,0.23788065588642393,3.6960578685735967,6.672192071703478,0.5539495609319226
pooled,Pooled,prep_and_air_swab,Prep control + Air Swab,frequency,Frequency,0.8,1275,3296,69,0,68.62060692889654,28.518934451949598,66.40585202565734,69.94456495541094,53.22415557830092,72.10676000875083,71.4810655480504,31.379393071103465,0.9258130081300813,0.7107799715228702,0.21503303660721107,9.150963650476449,6.2412297871785825,1.466211622151032
pooled,Pooled,prep_and_air_swab,Prep control + Air Swab,frequency,Frequency,0.9,1403,3168,69,0,55.85450775061147,22.79235685620386,54.028535009770856,67.00409737286093,45.64994882292733,69.30649748413914,77.20764314379613,44.14549224938853,1,1,0,5.726577595745738,12.766099178285067,0.4485769314315336
pooled,Pooled,prep_and_air_swab,Prep control + Air Swab,prevalence,Prevalence,0.01,34,4537,69,0,99.87874358661217,85.82847516969167,99.10276844776753,99.54205832730779,96.51995905834187,99.25618026690002,14.171524830308329,0.121256413387826,0,0,0,NA,NA,NA
pooled,Pooled,prep_and_air_swab,Prep control + Air Swab,prevalence,Prevalence,0.05,90,4481,69,0,99.71317451896876,77.23984740136414,98.47200654886912,98.79489033502048,90.78812691914023,98.03106541238242,22.760152598635855,0.2868254810312436,0.1280532847434256,0.003256630043029412,0.12479665470039618,8.588627768327527,0.1655690676434176,51.87338366140143
pooled,Pooled,prep_and_air_swab,Prep control + Air Swab,prevalence,Prevalence,0.1,141,4430,69,0,98.7848292394008,68.05172499215537,97.08748623300932,97.56567847674138,85.56806550665301,96.91533581273244,31.94827500784463,1.215170760599193,0.2650448143405891,0.021516545199746287,0.2435282691408428,9.188122409208773,0.9283452795679494,9.897311497598084
pooled,Pooled,prep_and_air_swab,Prep control + Air Swab,prevalence,Prevalence,0.2,190,4381,69,0,96.42047399093377,54.54740631864048,94.10788760206955,96.38467100506146,80.55271238485159,95.84336031502953,45.45259368135952,3.579526009066228,0.46638924455825864,0.06802179188709835,0.3983674526711603,13.504318673514888,2.364355248467035,5.711628437507694
pooled,Pooled,prep_and_air_swab,Prep control + Air Swab,prevalence,Prevalence,0.3,269,4302,69,0,95.87737848654426,48.27253059404469,93.2482345188337,94.48059773439383,72.46673490276356,94.11507328812075,51.72746940595531,4.122621513455741,0.5599453363537871,0.07870410810112828,0.4812412282526588,6.274875724595795,0.5430955043895125,11.553908426565437
pooled,Pooled,prep_and_air_swab,Prep control + Air Swab,prevalence,Prevalence,0.4,368,4203,69,0,95.38390543158256,44.571518224306786,92.57761390403353,92.09448059773439,62.33367451381781,91.94924524174141,55.428481775693214,4.616094568417438,0.6151260711119865,0.0884103847570726,0.5267156863549138,3.701012369737903,0.49347305496169724,7.49992797484185
pooled,Pooled,prep_and_air_swab,Prep control + Air Swab,prevalence,Prevalence,0.5,416,4155,69,0,94.20590323718903,41.720202804247656,91.30719714330668,90.93757531935407,57.420675537359266,90.89914679501203,58.279797195752344,5.794096762810966,0.6576381365113759,0.11158088025855556,0.5460572562528203,2.85131542005913,1.1780021943935282,2.420466985230936
pooled,Pooled,prep_and_air_swab,Prep control + Air Swab,prevalence,Prevalence,0.6,451,4120,69,0,65.23508152707778,33.18442304833942,63.46497198716677,90.0939985538684,53.83828045035824,90.13345001093853,66.81557695166057,34.76491847292222,0.784903476804885,0.6814170803124846,0.10348639649240043,8.53577975590823,28.970821710111252,0.2946336780267822
pooled,Pooled,prep_and_air_swab,Prep control + Air Swab,prevalence,Prevalence,0.7,837,3734,69,0,62.54016739370635,23.641228055688593,60.39183762817838,80.79055194022656,48.925281473899695,81.68890833515643,76.3587719443114,37.45983260629365,0.9271890081749234,0.7344241936280188,0.19276481454690464,9.543194992650825,2.6949141333714337,3.541187036156862
pooled,Pooled,prep_and_air_swab,Prep control + Air Swab,prevalence,Prevalence,0.8,1038,3533,69,0,55.27984310037975,20.24739475813777,53.345053802425724,75.94601108700891,45.1381780962129,77.29162108947713,79.75260524186223,44.72015689962025,0.9777898158179846,0.8772297946519109,0.10056002116607377,3.3938332975508274,7.2603242933265975,0.4674492709189732
pooled,Pooled,prep_and_air_swab,Prep control + Air Swab,prevalence,Prevalence,0.9,1288,3283,69,0,49.038130604549146,18.75774140806923,47.365790367781024,69.92046276211136,42.88638689866939,71.82235834609494,81.24225859193078,50.961869395450854,1,1,0,1.4896533500685507,6.241712495830605,0.2386610006570509
pooled,Pooled,prep_control_only,Prep control only,frequency,Frequency,0.01,3,4370,64,0,99.99174568205044,100,99.99201399185988,99.92769342010124,100,99.93139721015321,0,0.008254317949564438,0,0,0,NA,NA,NA
pooled,Pooled,prep_control_only,Prep control only,frequency,Frequency,0.05,24,4349,64,0,99.87439920874398,99.11784144133789,99.84980700480328,99.42154736080984,98.80418535127055,99.4511776812257,0.8821585586621126,0.1256007912560193,0.010631298265055296,0.0026645446763362353,0.007966753588719061,0.8821585586621126,0.11734647330645487,7.517554927776323
pooled,Pooled,prep_control_only,Prep control only,frequency,Frequency,0.1,50,4323,64,0,99.68517741715151,91.11663457946611,99.40665360572937,98.79489033502048,96.1136023916293,98.85662016922022,8.883365420533892,0.3148225828484925,0.10705751982546663,0.006961136667795727,0.1000963831576709,8.001206861871779,0.1892217915924732,42.28480659935813
pooled,Pooled,prep_control_only,Prep control only,frequency,Frequency,0.2,136,4237,64,0,98.25607018197634,67.46788885376857,97.25528839530273,96.74620390455532,89.08819133034379,96.89000686027899,32.53211114623143,1.743929818023659,0.39205942445544895,0.03941136689717003,0.35264805755827894,23.648745725697538,1.4291072351751666,16.54791547031731
pooled,Pooled,prep_control_only,Prep control only,frequency,Frequency,0.3,242,4131,64,0,97.23552754987224,58.096031723226346,95.96328304327622,94.19137141479875,82.51121076233184,94.46604161902584,41.903968276773654,2.764472450127755,0.5050039824081449,0.06258446584702623,0.44241951656111866,9.371857130542224,1.020542632104096,9.18320982948049
pooled,Pooled,prep_control_only,Prep control only,frequency,Frequency,0.4,383,3990,64,0,94.7995866083104,49.77443176920203,93.33602647058137,90.8411665461557,74.73841554559043,91.24171049622684,50.22556823079797,5.200413391689594,0.6052914083872979,0.11789651132075281,0.4873948970665451,8.321599954024315,2.4359409415618387,3.4161747569663166
pooled,Pooled,prep_control_only,Prep control only,frequency,Frequency,0.5,635,3738,64,0,90.9325110552349,45.6222522341312,89.45968350188792,84.9120269944565,68.46038863976084,85.47907614909673,54.3777477658688,9.067488944765103,0.6553312324687468,0.20570482193804818,0.44962641053069863,4.152179535070829,3.8670755530755088,1.0737259921825357
pooled,Pooled,prep_control_only,Prep control only,frequency,Frequency,0.6,938,3435,64,0,81.03519766677945,40.48590557742594,79.71712718535245,77.60906242468064,60.68759342301943,78.55019437457123,59.51409442257406,18.964802333220547,0.7172317068947606,0.4304396005484733,0.28679210634628727,5.136346656705264,9.897313388455444,0.5189637283483889
pooled,Pooled,prep_control_only,Prep control only,frequency,Frequency,0.7,1125,3248,64,0,73.8048013098782,31.223240711473807,72.42067115159638,73.15015666425644,54.559043348281016,74.27395380745483,68.7767592885262,26.1951986901218,0.8288603386778405,0.5946176416751886,0.23424269700265188,9.262664865952132,7.230396356901252,1.2810729050989196
pooled,Pooled,prep_control_only,Prep control only,frequency,Frequency,0.8,1258,3115,64,0,63.519534977792986,22.578374184649867,62.18872665201787,70.08917811520848,46.93572496263079,71.23256345758061,77.42162581535013,36.480465022207014,0.9330435987117774,0.8281615299374911,0.1048820687742863,8.644866526823932,10.285266332085214,0.840509739631729
pooled,Pooled,prep_control_only,Prep control only,frequency,Frequency,0.9,1373,3000,64,0,55.95177354399382,17.022499353466856,54.68636237329218,67.36563027235478,38.11659192825112,68.6027898467871,82.97750064653314,44.04822645600618,1,1,0,5.555874831183019,7.567761433799163,0.7341503666288093
pooled,Pooled,prep_control_only,Prep control only,prevalence,Prevalence,0.01,40,4333,64,0,99.95578388747482,87.25036636878251,99.5427893585274,99.59026271390697,94.02092675635276,99.08529613537617,12.749633631217492,0.04421611252517721,0,0,0,NA,NA,NA
pooled,Pooled,prep_control_only,Prep control only,prevalence,Prevalence,0.05,85,4288,64,0,99.66562771674464,74.84555041521796,98.85884146839805,98.50566401542541,87.29446935724962,98.05625428767436,25.154449584782043,0.3343722832553624,0.17107192391519713,0.0057155299630310755,0.16535639395216606,12.404815953564551,0.2901561707301852,42.752204519199175
pooled,Pooled,prep_control_only,Prep control only,prevalence,Prevalence,0.1,107,4266,64,0,99.48905289183513,67.73655929427315,98.45692576048047,97.97541576283442,84.00597907324365,97.55316716213126,32.26344070572685,0.5109471081648707,0.2691103625916387,0.009193721379562168,0.2599166412120765,7.108991120944808,0.17657482490950827,40.26050216721467
pooled,Pooled,prep_control_only,Prep control only,prevalence,Prevalence,0.2,196,4177,64,0,97.44801589849216,49.273009396281715,95.8820686096173,95.83032055917089,70.70254110612855,95.51795106334325,50.726990603718285,2.5519841015078413,0.5237368733901328,0.04939830521367403,0.4743385681764587,18.463549897991435,2.0410369933429706,9.046161318100552
pooled,Pooled,prep_control_only,Prep control only,prevalence,Prevalence,0.3,289,4084,64,0,96.73867553434641,43.20709175023706,94.99861062139082,93.588816582309,56.80119581464873,93.39126457809284,56.79290824976294,3.261324465653587,0.6073905290271449,0.06337097412179943,0.5440195549053455,6.065917646044653,0.7093403641457456,8.551490867645466
pooled,Pooled,prep_control_only,Prep control only,prevalence,Prevalence,0.4,334,4039,64,0,94.60452404202847,35.26622798195454,92.67570969225848,92.50421788382742,50.07473841554559,92.36222273039104,64.73377201804546,5.395475957971527,0.7169011293837924,0.10540973817529031,0.611491391208502,7.940863768282519,2.1341514923179403,3.7208528995557875
pooled,Pooled,prep_control_only,Prep control only,prevalence,Prevalence,0.5,376,3997,64,0,93.47532369235432,31.651389327892876,91.4657127045247,91.49192576524463,43.79671150971599,91.40178367253601,68.34861067210713,6.524676307645677,0.7667525262532199,0.1276528578600662,0.6390996683931537,3.6148386540616713,1.12920034967415,3.201237632546602
pooled,Pooled,prep_control_only,Prep control only,prevalence,Prevalence,0.6,401,3972,64,0,65.25130053778571,26.04953880635614,63.9770320537818,90.88937093275489,40.059790732436475,90.83009375714613,73.95046119364386,34.74869946221429,0.8440063404002378,0.683612945185681,0.16039339521455676,5.601850521536733,28.224023154568613,0.1984781011147223
pooled,Pooled,prep_control_only,Prep control only,prevalence,Prevalence,0.7,950,3423,64,0,61.735105903864714,16.61446510157754,60.26844195783294,77.65726681127983,37.07025411061286,78.27578321518408,83.38553489842246,38.264894096135286,0.9741232415296216,0.7528753556160714,0.22124788591355016,9.435073704778603,3.516194633920996,2.683319522121367
pooled,Pooled,prep_control_only,Prep control only,prevalence,Prevalence,0.8,1150,3223,64,0,54.142774599677644,15.57713858797161,52.88918362915033,72.83682815136177,34.23019431988042,73.70226389206495,84.4228614120284,45.857225400322356,0.988428769566079,0.902429979766016,0.08599878980006292,1.037326513605933,7.59233130418707,0.1366281939032167
pooled,Pooled,prep_control_only,Prep control only,prevalence,Prevalence,0.9,1337,3036,64,0,49.18950803782312,14.738082239016121,48.06965106748644,68.32971800433839,32.88490284005979,69.42602332494855,85.26191776098388,50.81049196217688,1,1,0,0.8390563489554808,4.953266561854527,0.1693945477146568
