reference,control_scenario,control_definition,method,method_definition,threshold,precision_mean,precision_se,recall_mean,recall_se,F1_mean,F1_se,false_discovery_rate_mean,false_discovery_rate_se,R2_mean,R2_se,Bray_Curtis_mean,Bray_Curtis_se,target_abundance_mean,target_abundance_se,off_target_abundance_mean,off_target_abundance_se
DNA mock observed,prep_control_only,Prep control only,frequency,Frequency,0.01,0.6003784188305729,0.07233204500452897,0.7435897435897436,0.014803853056144263,0.6607278358497871,0.05175124519065638,0.39962158116942714,0.07233204500452899,0.5085634226213059,0.009228477960999107,0.5090986828405396,0.014521296433109489,0.9306882010647518,0.021962829767001386,0.06931179893524819,0.021962829767001382
DNA mock observed,prep_control_only,Prep control only,frequency,Frequency,0.05,0.6003784188305729,0.07233204500452897,0.7435897435897436,0.014803853056144263,0.6607278358497871,0.05175124519065638,0.39962158116942714,0.07233204500452899,0.5085441933564581,0.009240190189732623,0.5096568872640717,0.014866124628413784,0.9312986701712717,0.022145107399659976,0.0687013298287283,0.022145107399659983
DNA mock observed,prep_control_only,Prep control only,frequency,Frequency,0.1,0.5952854067608166,0.06990225347150011,0.7264957264957265,0.008547008547008555,0.6502493926322575,0.04667684088584583,0.4047145932391834,0.06990225347150014,0.46183478388494487,0.006349963834330846,0.595169480907032,0.009910880166832756,0.9229768000117476,0.026913042728749507,0.07702319998825234,0.0269130427287495
DNA mock observed,prep_control_only,Prep control only,frequency,Frequency,0.2,0.595319044099532,0.06571556994024925,0.717948717948718,0,0.6467851202790963,0.041216580493301645,0.4046809559004681,0.06571556994024924,0.4618365299976253,0.0063488275101895005,0.5951736459436453,0.009871143994770468,0.9233169817632398,0.02663986753043024,0.07668301823676019,0.026639867530430267
DNA mock observed,prep_control_only,Prep control only,frequency,Frequency,0.3,0.5941010471916225,0.0693227197785892,0.6923076923076923,0.014803853056144263,0.6360459332441426,0.04718996993880248,0.40589895280837757,0.06932271977858918,0.46182550614274576,0.006343427081082964,0.5961588050846914,0.009927328906068782,0.9248032921109003,0.02645770459718132,0.07519670788909968,0.026457704597181324
DNA mock observed,prep_control_only,Prep control only,frequency,Frequency,0.4,0.6109022556390977,0.07330827067669174,0.6666666666666666,0,0.6326725905673274,0.042652084757347906,0.3890977443609022,0.07330827067669174,0.46151917071727483,0.006352865994618762,0.6017809113162196,0.008809771994472698,0.9331431272173936,0.028049774211359273,0.06685687278260644,0.028049774211359273
DNA mock observed,prep_control_only,Prep control only,frequency,Frequency,0.5,0.6046398046398046,0.07176163958063304,0.5982905982905983,0.01709401709401711,0.5957440957440957,0.03581443822813209,0.39536019536019534,0.07176163958063306,0.46057018781427905,0.005520679959083363,0.6056876621391057,0.007328744823436957,0.9420050288241124,0.024446768672322202,0.057994971175887526,0.0244467686723222
DNA mock observed,prep_control_only,Prep control only,frequency,Frequency,0.6,0.6146008403361345,0.07200814769204593,0.5982905982905983,0.01709401709401711,0.6005667639470457,0.03463857084082892,0.38539915966386556,0.07200814769204593,0.46050977135386684,0.00543895776108802,0.60859503223835,0.006046028541869179,0.9494691637312411,0.022527034817236998,0.05053083626875886,0.02252703481723698
DNA mock observed,prep_control_only,Prep control only,frequency,Frequency,0.7,0.5931691733920273,0.06254280710748295,0.5299145299145299,0.022613259068928127,0.5540002440543856,0.023197019622323983,0.4068308266079726,0.06254280710748295,0.46043479482356825,0.005378433005142885,0.6123892658574163,0.005082296389205162,0.9583664572513776,0.020230745415662485,0.04163354274862245,0.02023074541566251
DNA mock observed,prep_control_only,Prep control only,frequency,Frequency,0.8,0.5806339254615116,0.0644261806771846,0.47863247863247865,0.01709401709401707,0.5189313403346004,0.01907261693441169,0.4193660745384883,0.0644261806771846,0.6178382106372299,0.022471942141840107,0.4283089702029736,0.014493569683585825,0.8138341834221264,0.08019002925831163,0.18616581657787357,0.08019002925831162
DNA mock observed,prep_control_only,Prep control only,frequency,Frequency,0.9,0.6032473999953675,0.06049067914511004,0.4700854700854701,0.022613259068928106,0.5229992229992231,0.016031655766567524,0.3967526000046325,0.06049067914511004,0.6184469057528801,0.021756013382215722,0.4312292869337178,0.011257177579793087,0.8354969572683415,0.07000095184790076,0.16450304273165847,0.07000095184790074
DNA mock observed,prep_control_only,Prep control only,prevalence,Prevalence,0.01,0.6003784188305729,0.07233204500452897,0.7435897435897436,0.014803853056144263,0.6607278358497871,0.05175124519065638,0.39962158116942714,0.07233204500452899,0.5085634226213059,0.009228477960999107,0.5090986828405396,0.014521296433109489,0.9306882010647518,0.021962829767001386,0.06931179893524819,0.021962829767001382
DNA mock observed,prep_control_only,Prep control only,prevalence,Prevalence,0.05,0.6084656084656085,0.07371036938526138,0.7435897435897436,0.014803853056144263,0.6656244989578324,0.0520474847926367,0.3915343915343915,0.07371036938526138,0.508525537705633,0.009200756754786711,0.5095860744057743,0.014011575098064876,0.9323696435336266,0.020825178142678848,0.06763035646637343,0.020825178142678855
DNA mock observed,prep_control_only,Prep control only,prevalence,Prevalence,0.1,0.6023353402663748,0.07962452063718349,0.7264957264957265,0.03081667756806831,0.6557664684812451,0.0615760373138967,0.39766465973362525,0.07962452063718349,0.5085059743430471,0.009186827590808992,0.5112993395170773,0.012552059915001284,0.9364706964656306,0.017267341279046437,0.06352930353436935,0.01726734127904644
DNA mock observed,prep_control_only,Prep control only,prevalence,Prevalence,0.2,0.6023073877074883,0.06921121728127853,0.6923076923076923,0.029607706112288492,0.642338282078473,0.053023027124312956,0.3976926122925117,0.06921121728127855,0.5082489840212211,0.009268903299597337,0.5149678452746377,0.012828008847109263,0.9437728033804723,0.014371007819095914,0.05622719661952764,0.014371007819095918
DNA mock observed,prep_control_only,Prep control only,prevalence,Prevalence,0.3,0.5957109084768659,0.06795729299971145,0.6495726495726496,0.045226518137856254,0.6208213250374636,0.05791032664026316,0.4042890915231341,0.06795729299971147,0.5169308742793743,0.008391770795301711,0.5049324569940756,0.009379632921351275,0.9481252459127152,0.009172566294575092,0.05187475408728477,0.00917256629457512
DNA mock observed,prep_control_only,Prep control only,prevalence,Prevalence,0.4,0.6012038073908175,0.07099091277912728,0.6324786324786325,0.03725554652598866,0.6152793335601696,0.05545845195282947,0.39879619260918253,0.07099091277912728,0.5169121404468999,0.008383510846147448,0.5057736067704961,0.009655283052293464,0.949470725724443,0.009065685563300051,0.05052927427555702,0.009065685563300053
DNA mock observed,prep_control_only,Prep control only,prevalence,Prevalence,0.5,0.5753927301914918,0.06862510398047766,0.5641025641025641,0.02564102564102566,0.5679100199648145,0.04682321748439761,0.4246072698085082,0.06862510398047765,0.5167937181051471,0.008360976830491945,0.5093145568536712,0.00955894628451651,0.9548325211712888,0.01010513323233416,0.04516747882871116,0.01010513323233416
DNA mock observed,prep_control_only,Prep control only,prevalence,Prevalence,0.6,0.5794162826420891,0.08179835283342293,0.5213675213675214,0.030816677568068277,0.5468611468611468,0.05415180349344525,0.4205837173579109,0.0817983528334229,0.5619311818704276,0.0823631176140693,0.3771103559753008,0.05248441082805346,0.854028496363743,0.027754154146717596,0.14597150363625694,0.027754154146717593
DNA mock observed,prep_control_only,Prep control only,prevalence,Prevalence,0.7,0.5870394736842105,0.0787734469484271,0.46153846153846156,0.014803853056144246,0.5130899030546918,0.036622994674407224,0.4129605263157895,0.07877344694842711,0.5511065000238607,0.023105673823295363,0.4838504519930186,0.01928770425195861,0.7998793575698537,0.0704197213375368,0.20012064243014627,0.07041972133753681
DNA mock observed,prep_control_only,Prep control only,prevalence,Prevalence,0.8,0.5758281792764551,0.06439885786114743,0.4188034188034188,0.01709401709401709,0.4797238999137187,0.016349865639735305,0.42417182072354487,0.06439885786114746,0.5478507604734822,0.015744422772505894,0.49043855225305816,0.013116259465807197,0.8280772811001852,0.06501738462535223,0.17192271889981486,0.06501738462535221
DNA mock observed,prep_control_only,Prep control only,prevalence,Prevalence,0.9,0.5771561771561771,0.07085671980097907,0.37606837606837606,0.008547008547008555,0.45092713313052296,0.01753882162371048,0.4228438228438228,0.07085671980097907,0.5477122982202638,0.015694166362304217,0.49579819717934465,0.00918101544663732,0.8515272758416326,0.06345304267263407,0.14847272415836743,0.06345304267263403
MSA-2005 theoretical,prep_control_only,Prep control only,frequency,Frequency,0.01,0.12374295759732283,0.01281679552477982,1,0,0.21976551814755751,0.020518679344639704,0.8762570424026772,0.012816795524779821,0.28497196180396445,0.0075878081241187645,0.5968035037992189,0.011794197125693623,0.9306882010647518,0.021962829767001386,0.06931179893524819,0.021962829767001382
MSA-2005 theoretical,prep_control_only,Prep control only,frequency,Frequency,0.05,0.12374295759732283,0.01281679552477982,1,0,0.21976551814755751,0.020518679344639704,0.8762570424026772,0.012816795524779821,0.2849784358029289,0.007583321741119763,0.5966578631105728,0.011732058487649666,0.9312986701712717,0.022145107399659976,0.0687013298287283,0.022145107399659983
MSA-2005 theoretical,prep_control_only,Prep control only,frequency,Frequency,0.1,0.1103482128072292,0.006193990761288622,0.888888888888889,0.055555555555555546,0.19581260364842454,0.00869352666929812,0.8896517871927708,0.006193990761288629,0.23518820667948165,0.011147096632058836,0.6755642303688586,0.024418589488864127,0.9229768000117476,0.026913042728749507,0.07702319998825234,0.0269130427287495
MSA-2005 theoretical,prep_control_only,Prep control only,frequency,Frequency,0.2,0.11186252771618625,0.006398538372730852,0.888888888888889,0.055555555555555546,0.1981947130883301,0.008979337386745927,0.8881374722838138,0.0063985383727308606,0.23518974524325703,0.011145873833492316,0.6755181819473685,0.024385986028189217,0.9233169817632398,0.02663986753043024,0.07668301823676019,0.026639867530430267
MSA-2005 theoretical,prep_control_only,Prep control only,frequency,Frequency,0.3,0.1155140758873929,0.00571036034471283,0.888888888888889,0.055555555555555546,0.20398304249235927,0.0077698804944824834,0.8844859241126071,0.00571036034471283,0.23519862897411287,0.011145469151198304,0.6752738929697304,0.024390232554748394,0.9248032921109003,0.02645770459718132,0.07519670788909968,0.026457704597181324
MSA-2005 theoretical,prep_control_only,Prep control only,frequency,Frequency,0.4,0.12343358395989974,0.008145363408521303,0.888888888888889,0.055555555555555546,0.21603128054740955,0.011241446725317702,0.8765664160401003,0.008145363408521308,0.23530017582384224,0.011156608701374564,0.6738113429926207,0.0246642218036767,0.9331431272173936,0.028049774211359273,0.06685687278260644,0.028049774211359273
MSA-2005 theoretical,prep_control_only,Prep control only,frequency,Frequency,0.5,0.13017538017538016,0.017193398552587325,0.8333333333333334,0,0.22424216284603166,0.026164519911322612,0.8698246198246198,0.01719339855258733,0.23488252582519326,0.01081352451989445,0.6732249648698583,0.023867303190516696,0.9420050288241124,0.024446768672322202,0.057994971175887526,0.0244467686723222
MSA-2005 theoretical,prep_control_only,Prep control only,frequency,Frequency,0.6,0.13238211951447246,0.017601310918289436,0.8333333333333334,0,0.2274996434174868,0.02661739781275356,0.8676178804855276,0.017601310918289446,0.23492834458803744,0.010775800828193691,0.6720803985045612,0.023746123148296213,0.9494691637312411,0.022527034817236998,0.05053083626875886,0.02252703481723698
MSA-2005 theoretical,prep_control_only,Prep control only,frequency,Frequency,0.7,0.14501559060895086,0.01987189034538677,0.8333333333333334,0,0.24585047524471557,0.029317854883908378,0.8549844093910491,0.019871890345386754,0.2349938768947792,0.010746449101759266,0.6706693050914431,0.023635461277026804,0.9583664572513776,0.020230745415662485,0.04163354274862245,0.02023074541566251
MSA-2005 theoretical,prep_control_only,Prep control only,frequency,Frequency,0.8,0.1256627578466659,0.017625364082469255,0.6666666666666666,0,0.21033189033189034,0.025481689512250785,0.8743372421533341,0.01762536408246925,0.31905609791175227,0.02668563602765714,0.6152412589416429,0.02089631827532914,0.8138341834221264,0.08019002925831163,0.18616581657787357,0.08019002925831162
MSA-2005 theoretical,prep_control_only,Prep control only,frequency,Frequency,0.9,0.13318509253468602,0.017887845941163848,0.6666666666666666,0,0.2208790027938964,0.025427338909705464,0.866814907465314,0.017887845941163858,0.3204627453220836,0.02575592436562798,0.6106879954623733,0.01751570245943332,0.8354969572683415,0.07000095184790076,0.16450304273165847,0.07000095184790074
MSA-2005 theoretical,prep_control_only,Prep control only,prevalence,Prevalence,0.01,0.12374295759732283,0.01281679552477982,1,0,0.21976551814755751,0.020518679344639704,0.8762570424026772,0.012816795524779821,0.28497196180396445,0.0075878081241187645,0.5968035037992189,0.011794197125693623,0.9306882010647518,0.021962829767001386,0.06931179893524819,0.021962829767001382
MSA-2005 theoretical,prep_control_only,Prep control only,prevalence,Prevalence,0.05,0.1253968253968254,0.012992623447416585,1,0,0.22237076648841356,0.020715934579624704,0.8746031746031746,0.012992623447416602,0.2849884313477859,0.007594476097626593,0.5963533924500222,0.011885564261759513,0.9323696435336266,0.020825178142678848,0.06763035646637343,0.020825178142678855
MSA-2005 theoretical,prep_control_only,Prep control only,prevalence,Prevalence,0.1,0.1265462506841817,0.011871718039436797,1,0,0.22426470588235295,0.018866181762672365,0.8734537493158183,0.011871718039436811,0.28504764990503717,0.007617244712585045,0.5952573349390456,0.012042657733208369,0.9364706964656306,0.017267341279046437,0.06352930353436935,0.01726734127904644
MSA-2005 theoretical,prep_control_only,Prep control only,prevalence,Prevalence,0.2,0.13302796476845857,0.010103119932645552,1,0,0.23453564620943942,0.015860818345041723,0.8669720352315414,0.010103119932645569,0.28513571891710454,0.007591310971634784,0.5934626797051018,0.011608852846886014,0.9437728033804723,0.014371007819095914,0.05622719661952764,0.014371007819095918
MSA-2005 theoretical,prep_control_only,Prep control only,prevalence,Prevalence,0.3,0.11681019925700777,0.00548947191731193,0.8333333333333334,0,0.20480129432139274,0.008474511954908226,0.8831898007429922,0.0054894719173119175,0.23494263861614006,0.010252962175630221,0.6721557986511759,0.020842499159746626,0.9481252459127152,0.009172566294575092,0.05187475408728477,0.00917256629457512
MSA-2005 theoretical,prep_control_only,Prep control only,prevalence,Prevalence,0.4,0.1209873086972751,0.007545097251601872,0.8333333333333334,0,0.21111442563452407,0.011574593121842554,0.8790126913027249,0.007545097251601852,0.23494964868049203,0.010251475536380969,0.6719540150733353,0.02077553642116929,0.949470725724443,0.009065685563300051,0.05052927427555702,0.009065685563300053
MSA-2005 theoretical,prep_control_only,Prep control only,prevalence,Prevalence,0.5,0.1299162940029813,0.010410456589209045,0.8333333333333334,0,0.22445038621509208,0.01562965234839893,0.8700837059970187,0.010410456589209036,0.23497656481964066,0.010250438648734213,0.6710699727659136,0.020783677429436043,0.9548325211712888,0.01010513323233416,0.04516747882871116,0.01010513323233416
MSA-2005 theoretical,prep_control_only,Prep control only,prevalence,Prevalence,0.6,0.10491551459293394,0.017276155631630593,0.611111111111111,0.055555555555555546,0.1787793891452428,0.02757057021877003,0.8950844854070661,0.017276155631630603,0.4212734163364445,0.037259684273611704,0.5327337254925429,0.034514450065910904,0.854028496363743,0.027754154146717596,0.14597150363625694,0.027754154146717593
MSA-2005 theoretical,prep_control_only,Prep control only,prevalence,Prevalence,0.7,0.0975657894736842,0.012003469316129762,0.5,0,0.16260225343417192,0.016674775995009293,0.9024342105263158,0.012003469316129755,0.2730952529378644,0.025914522250064735,0.6737284063408461,0.01581734246908276,0.7998793575698537,0.0704197213375368,0.20012064243014627,0.07041972133753681
MSA-2005 theoretical,prep_control_only,Prep control only,prevalence,Prevalence,0.8,0.09181281595074699,0.006472644740388844,0.4444444444444444,0.05555555555555556,0.15127353266888152,0.010123051944209469,0.908187184049253,0.006472644740388854,0.2716559545928009,0.02181651312541727,0.675921872389506,0.010537505594277151,0.8280772811001852,0.06501738462535223,0.17192271889981486,0.06501738462535221
MSA-2005 theoretical,prep_control_only,Prep control only,prevalence,Prevalence,0.9,0.091996891996892,0.016311650429359177,0.3888888888888889,0.05555555555555556,0.14797008547008547,0.02469428275924406,0.908003108003108,0.016311650429359198,0.27189330611052387,0.022024304487940124,0.6745052220967027,0.009152095349343633,0.8515272758416326,0.06345304267263407,0.14847272415836743,0.06345304267263403
